﻿<?xml version="1.0" encoding="utf-8" standalone="yes"?>
<table name="billtocodes">
 <row>
  <billtocode>CDME</billtocode>
  <billtodesc>C\F!n`x40-[Vu</billtodesc>
  <billtoeffdt>2008-02-26 00:00:00</billtoeffdt>
  <billtoexpdt>2010-11-02 00:00:00</billtoexpdt>
 </row>
 <row>
  <billtocode>CMPDU6</billtocode>
  <billtodesc>QE-?!.Y!I(3R6</billtodesc>
  <billtoeffdt>2008-02-23 00:00:00</billtoeffdt>
  <billtoexpdt>2011-04-10 00:00:00</billtoexpdt>
 </row>
 <row>
  <billtocode>TIIL5</billtocode>
  <billtodesc>&amp;87-09$H?v)bg</billtodesc>
  <billtoeffdt>2008-02-22 00:00:00</billtoeffdt>
  <billtoexpdt>2009-12-20 00:00:00</billtoexpdt>
 </row>
 <row>
  <billtocode>GVAM</billtocode>
  <billtodesc>XR:m*:grH%v#f</billtodesc>
  <billtoeffdt>2008-02-14 00:00:00</billtoeffdt>
  <billtoexpdt>2010-12-23 00:00:00</billtoexpdt>
 </row>
 <row>
  <billtocode>SACCT6</billtocode>
  <billtodesc>o_N2ElNp&gt;X75#</billtodesc>
  <billtoeffdt>2008-02-12 00:00:00</billtoeffdt>
  <billtoexpdt>2011-08-25 00:00:00</billtoexpdt>
 </row>
 <row>
  <billtocode>SICA5</billtocode>
  <billtodesc>D!6&amp;76)GPvTUg</billtodesc>
  <billtoeffdt>2008-02-26 00:00:00</billtoeffdt>
  <billtoexpdt>2009-03-01 00:00:00</billtoexpdt>
 </row>
 <row>
  <billtocode>MLCH9</billtocode>
  <billtodesc>K-(8p%v&lt;`#fGB</billtodesc>
  <billtoeffdt>2008-02-21 00:00:00</billtoeffdt>
  <billtoexpdt>2010-07-06 00:00:00</billtoexpdt>
 </row>
 <row>
  <billtocode>LMMON</billtocode>
  <billtodesc>-ba$atMk4g3NM</billtodesc>
  <billtoeffdt>2008-02-12 00:00:00</billtoeffdt>
  <billtoexpdt>2010-04-24 00:00:00</billtoexpdt>
 </row>
 <row>
  <billtocode>PSRC</billtocode>
  <billtodesc>i#k5DMc^r^:fs</billtodesc>
  <billtoeffdt>2008-02-20 00:00:00</billtoeffdt>
  <billtoexpdt>2010-01-13 00:00:00</billtoexpdt>
 </row>
 <row>
  <billtocode>TPSC6</billtocode>
  <billtodesc>kS4i\&apos;Ol^TtH1</billtodesc>
  <billtoeffdt>2008-02-25 00:00:00</billtoeffdt>
  <billtoexpdt>2008-12-06 00:00:00</billtoexpdt>
 </row>
 <row>
  <billtocode>DTWC</billtocode>
  <billtodesc>?0T4#p\Su:n1V</billtodesc>
  <billtoeffdt>2008-02-04 00:00:00</billtoeffdt>
  <billtoexpdt>2011-03-25 00:00:00</billtoexpdt>
 </row>
 <row>
  <billtocode>SFLRI</billtocode>
  <billtodesc>z*ThO35=Q`M6O</billtodesc>
  <billtoeffdt>2008-02-15 00:00:00</billtoeffdt>
  <billtoexpdt>2009-12-20 00:00:00</billtoexpdt>
 </row>
 <row>
  <billtocode>TVHAM</billtocode>
  <billtodesc>$_14kc0SwTU&apos;U</billtodesc>
  <billtoeffdt>2008-02-11 00:00:00</billtoeffdt>
  <billtoexpdt>2010-04-17 00:00:00</billtoexpdt>
 </row>
 <row>
  <billtocode>TROBR1</billtocode>
  <billtodesc>SKO#Ryh!beq=d</billtodesc>
  <billtoeffdt>2008-02-14 00:00:00</billtoeffdt>
  <billtoexpdt>2011-09-08 00:00:00</billtoexpdt>
 </row>
 <row>
  <billtocode>4PLFL5</billtocode>
  <billtodesc>RO3-r5i!dWvec</billtodesc>
  <billtoeffdt>2008-02-22 00:00:00</billtoeffdt>
  <billtoexpdt>2008-10-20 00:00:00</billtoexpdt>
 </row>
 <row>
  <billtocode>GPCA</billtocode>
  <billtodesc>&amp;9KKHeYWnu.$d</billtodesc>
  <billtoeffdt>2008-02-11 00:00:00</billtoeffdt>
  <billtoexpdt>2010-10-18 00:00:00</billtoexpdt>
 </row>
 <row>
  <billtocode>BARSE</billtocode>
  <billtodesc>SzKie%!seOFKQ</billtodesc>
  <billtoeffdt>2008-02-05 00:00:00</billtoeffdt>
  <billtoexpdt>2008-12-06 00:00:00</billtoexpdt>
 </row>
 <row>
  <billtocode>WEIC7</billtocode>
  <billtodesc>CVnj9!&apos;KGy]KA</billtodesc>
  <billtoeffdt>2008-02-06 00:00:00</billtoeffdt>
  <billtoexpdt>2009-10-21 00:00:00</billtoexpdt>
 </row>
 <row>
  <billtocode>BHFBE</billtocode>
  <billtodesc>pS.eC6-)kCXxY</billtodesc>
  <billtoeffdt>2008-02-12 00:00:00</billtoeffdt>
  <billtoexpdt>2009-07-13 00:00:00</billtoexpdt>
 </row>
 <row>
  <billtocode>BWII6</billtocode>
  <billtodesc>0q.M*P*UB&amp;x)+</billtodesc>
  <billtoeffdt>2008-02-10 00:00:00</billtoeffdt>
  <billtoexpdt>2010-02-24 00:00:00</billtoexpdt>
 </row>
 <row>
  <billtocode>UWTSL</billtocode>
  <billtodesc>=@v&gt;PrGiQ!E&lt;*</billtodesc>
  <billtoeffdt>2008-02-23 00:00:00</billtoeffdt>
  <billtoexpdt>2009-06-04 00:00:00</billtoexpdt>
 </row>
 <row>
  <billtocode>CCBC</billtocode>
  <billtodesc>1rLD.vK=]H4_2</billtodesc>
  <billtoeffdt>2008-02-04 00:00:00</billtoeffdt>
  <billtoexpdt>2010-04-17 00:00:00</billtoexpdt>
 </row>
 <row>
  <billtocode>LGGL6</billtocode>
  <billtodesc>T&lt;KXlxWalm3do</billtodesc>
  <billtoeffdt>2008-02-07 00:00:00</billtoeffdt>
  <billtoexpdt>2011-03-17 00:00:00</billtoexpdt>
 </row>
 <row>
  <billtocode>PYMAL</billtocode>
  <billtodesc>&quot;Yl9&quot;&quot;]@h;r$05*&quot;</billtodesc>
  <billtoeffdt>2008-02-03 00:00:00</billtoeffdt>
  <billtoexpdt>2011-12-01 00:00:00</billtoexpdt>
 </row>
 <row>
  <billtocode>SRHA</billtocode>
  <billtodesc>&quot;L:+6_F9ryHU.&quot;&quot;&quot;</billtodesc>
  <billtoeffdt>2008-02-05 00:00:00</billtoeffdt>
  <billtoexpdt>2011-10-21 00:00:00</billtoexpdt>
 </row>
 <row>
  <billtocode>BFBOA</billtocode>
  <billtodesc>&quot;Cjx#X;&quot;&quot;`cO$m(&quot;</billtodesc>
  <billtoeffdt>2008-02-18 00:00:00</billtoeffdt>
  <billtoexpdt>2009-09-21 00:00:00</billtoexpdt>
 </row>
 <row>
  <billtocode>BFBRO</billtocode>
  <billtodesc>&quot;MxSa&lt;U&quot;&quot;P..Zh*&quot;</billtodesc>
  <billtoeffdt>2008-02-25 00:00:00</billtoeffdt>
  <billtoexpdt>2008-12-15 00:00:00</billtoexpdt>
 </row>
 <row>
  <billtocode>MIRI5</billtocode>
  <billtodesc>v&apos;XTBGtZh5yO&apos;</billtodesc>
  <billtoeffdt>2008-02-24 00:00:00</billtoeffdt>
  <billtoexpdt>2011-04-27 00:00:00</billtoexpdt>
 </row>
 <row>
  <billtocode>CPMNC</billtocode>
  <billtodesc>DE+S$M][vU3^D</billtodesc>
  <billtoeffdt>2008-02-19 00:00:00</billtoeffdt>
  <billtoexpdt>2008-05-30 00:00:00</billtoexpdt>
 </row>
 <row>
  <billtocode>BSIM6</billtocode>
  <billtodesc>n=vw$yN]p!(\R</billtodesc>
  <billtoeffdt>2008-02-09 00:00:00</billtoeffdt>
  <billtoexpdt>2010-06-27 00:00:00</billtoexpdt>
 </row>
 <row>
  <billtocode>RLCO</billtocode>
  <billtodesc>0Qq:/?qSPm$L&lt;</billtodesc>
  <billtoeffdt>2008-02-03 00:00:00</billtoeffdt>
  <billtoexpdt>2009-08-29 00:00:00</billtoexpdt>
 </row>
 <row>
  <billtocode>PREO6</billtocode>
  <billtodesc>aV3^`zB*H=)1c</billtodesc>
  <billtoeffdt>2008-02-03 00:00:00</billtoeffdt>
  <billtoexpdt>2009-03-13 00:00:00</billtoexpdt>
 </row>
 <row>
  <billtocode>GBFFL</billtocode>
  <billtodesc>eo@9SU1o&lt;:(SD</billtodesc>
  <billtoeffdt>2008-02-22 00:00:00</billtoeffdt>
  <billtoexpdt>2008-08-24 00:00:00</billtoexpdt>
 </row>
 <row>
  <billtocode>BEACO</billtocode>
  <billtodesc>2uIol!&amp;cKdq(?</billtodesc>
  <billtoeffdt>2008-02-04 00:00:00</billtoeffdt>
  <billtoexpdt>2008-02-29 00:00:00</billtoexpdt>
 </row>
 <row>
  <billtocode>LNDS6</billtocode>
  <billtodesc>%NZ\KXBs*c-_!</billtodesc>
  <billtoeffdt>2008-02-20 00:00:00</billtoeffdt>
  <billtoexpdt>2010-07-18 00:00:00</billtoexpdt>
 </row>
 <row>
  <billtocode>HNHOU1</billtocode>
  <billtodesc>2wjpWe59(?.I.</billtodesc>
  <billtoeffdt>2008-02-16 00:00:00</billtoeffdt>
  <billtoexpdt>2011-02-03 00:00:00</billtoexpdt>
 </row>
 <row>
  <billtocode>DFVC</billtocode>
  <billtodesc>&quot;$%$&quot;&quot;/L[XC$D#e&quot;</billtodesc>
  <billtoeffdt>2008-02-06 00:00:00</billtoeffdt>
  <billtoexpdt>2011-07-03 00:00:00</billtoexpdt>
 </row>
 <row>
  <billtocode>DISLR6</billtocode>
  <billtodesc>3gd?\js3@T?Rc</billtodesc>
  <billtoeffdt>2008-02-12 00:00:00</billtoeffdt>
  <billtoexpdt>2011-05-29 00:00:00</billtoexpdt>
 </row>
 <row>
  <billtocode>CMKY5</billtocode>
  <billtodesc>wx5m(ZiX0vlL5</billtodesc>
  <billtoeffdt>2008-02-11 00:00:00</billtoeffdt>
  <billtoexpdt>2010-06-21 00:00:00</billtoexpdt>
 </row>
 <row>
  <billtocode>AMDISL</billtocode>
  <billtodesc>&lt;KTFv&amp;Nk(7I.Y</billtodesc>
  <billtoeffdt>2008-02-13 00:00:00</billtoeffdt>
  <billtoexpdt>2011-02-14 00:00:00</billtoexpdt>
 </row>
 <row>
  <billtocode>MBIWI6</billtocode>
  <billtodesc>I#N5x&lt;/TQzW9&amp;</billtodesc>
  <billtoeffdt>2008-02-05 00:00:00</billtoeffdt>
  <billtoexpdt>2008-09-12 00:00:00</billtoexpdt>
 </row>
 <row>
  <billtocode>TMWM</billtocode>
  <billtodesc>bQbH!&lt;mP(-K?P</billtodesc>
  <billtoeffdt>2008-02-22 00:00:00</billtoeffdt>
  <billtoexpdt>2008-04-28 00:00:00</billtoexpdt>
 </row>
 <row>
  <billtocode>VITPI</billtocode>
  <billtodesc>Ct9g3Np&gt;)qB[M</billtodesc>
  <billtoeffdt>2008-02-14 00:00:00</billtoeffdt>
  <billtoexpdt>2009-09-15 00:00:00</billtoexpdt>
 </row>
 <row>
  <billtocode>EFC</billtocode>
  <billtodesc>&quot;46n&gt;q?I!2L&quot;&quot;K:&quot;</billtodesc>
  <billtoeffdt>2008-02-15 00:00:00</billtoeffdt>
  <billtoexpdt>2011-11-08 00:00:00</billtoexpdt>
 </row>
 <row>
  <billtocode>CSMA</billtocode>
  <billtodesc>%lQ`NJ7\TKHx1</billtodesc>
  <billtoeffdt>2008-02-21 00:00:00</billtoeffdt>
  <billtoexpdt>2009-12-25 00:00:00</billtoexpdt>
 </row>
 <row>
  <billtocode>JJNE</billtocode>
  <billtodesc>)OLe8`QIm^Tp8</billtodesc>
  <billtoeffdt>2008-02-04 00:00:00</billtoeffdt>
  <billtoexpdt>2009-05-12 00:00:00</billtoexpdt>
 </row>
 <row>
  <billtocode>IMFMI5</billtocode>
  <billtodesc>[L=nEbGk^zB^t</billtodesc>
  <billtoeffdt>2008-02-09 00:00:00</billtoeffdt>
  <billtoexpdt>2011-01-08 00:00:00</billtoexpdt>
 </row>
 <row>
  <billtocode>DBEL</billtocode>
  <billtodesc>f`S@E!P=\miz&lt;</billtodesc>
  <billtoeffdt>2008-02-05 00:00:00</billtoeffdt>
  <billtoexpdt>2010-04-25 00:00:00</billtoexpdt>
 </row>
 <row>
  <billtocode>OSCKE</billtocode>
  <billtodesc>*ujeY44fqAZz_</billtodesc>
  <billtoeffdt>2008-02-24 00:00:00</billtoeffdt>
  <billtoexpdt>2010-10-22 00:00:00</billtoexpdt>
 </row>
 <row>
  <billtocode>MFLO5</billtocode>
  <billtodesc>p31hn*gOgEz[%</billtodesc>
  <billtoeffdt>2008-02-26 00:00:00</billtoeffdt>
  <billtoexpdt>2009-10-13 00:00:00</billtoexpdt>
 </row>
 <row>
  <billtocode>DTRS6</billtocode>
  <billtodesc>)0!qOl4wN&amp;bU:</billtodesc>
  <billtoeffdt>2008-02-16 00:00:00</billtoeffdt>
  <billtoexpdt>2010-11-17 00:00:00</billtoexpdt>
 </row>
 <row>
  <billtocode>JDSNE</billtocode>
  <billtodesc>uJ72kp^%q!9]K</billtodesc>
  <billtoeffdt>2008-02-12 00:00:00</billtoeffdt>
  <billtoexpdt>2009-06-17 00:00:00</billtoexpdt>
 </row>
 <row>
  <billtocode>WDSCO</billtocode>
  <billtodesc>[!--HkmMvzyBo</billtodesc>
  <billtoeffdt>2008-02-17 00:00:00</billtoeffdt>
  <billtoexpdt>2011-04-30 00:00:00</billtoexpdt>
 </row>
 <row>
  <billtocode>EFRI</billtocode>
  <billtodesc>&amp;]xjS1NX@2q&amp;m</billtodesc>
  <billtoeffdt>2008-02-15 00:00:00</billtoeffdt>
  <billtoexpdt>2009-07-13 00:00:00</billtoexpdt>
 </row>
 <row>
  <billtocode>STVIN7</billtocode>
  <billtodesc>x7(G0b*BU]q4q</billtodesc>
  <billtoeffdt>2008-02-19 00:00:00</billtoeffdt>
  <billtoexpdt>2011-05-13 00:00:00</billtoexpdt>
 </row>
 <row>
  <billtocode>CAGAT3</billtocode>
  <billtodesc>@/*syDMKbJmXS</billtodesc>
  <billtoeffdt>2008-02-18 00:00:00</billtoeffdt>
  <billtoexpdt>2011-06-30 00:00:00</billtoexpdt>
 </row>
 <row>
  <billtocode>EFMI</billtocode>
  <billtodesc>*9^q:u#5@2[JH</billtodesc>
  <billtoeffdt>2008-02-16 00:00:00</billtoeffdt>
  <billtoexpdt>2008-03-17 00:00:00</billtoexpdt>
 </row>
 <row>
  <billtocode>AITF5</billtocode>
  <billtodesc>R7!A9T?b4h!uU</billtodesc>
  <billtoeffdt>2008-02-05 00:00:00</billtoeffdt>
  <billtoexpdt>2010-10-31 00:00:00</billtoexpdt>
 </row>
 <row>
  <billtocode>ASA9</billtocode>
  <billtodesc>]9nrdTNe?ge5e</billtodesc>
  <billtoeffdt>2008-02-25 00:00:00</billtoeffdt>
  <billtoexpdt>2011-05-19 00:00:00</billtoexpdt>
 </row>
 <row>
  <billtocode>GHCOA7</billtocode>
  <billtodesc>ZSx%V:3s?;C;_</billtodesc>
  <billtoeffdt>2008-02-03 00:00:00</billtoeffdt>
  <billtoexpdt>2011-05-28 00:00:00</billtoexpdt>
 </row>
 <row>
  <billtocode>ATBNY</billtocode>
  <billtodesc>!G5;GZtgrRat9</billtodesc>
  <billtoeffdt>2008-02-20 00:00:00</billtoeffdt>
  <billtoexpdt>2011-07-24 00:00:00</billtoexpdt>
 </row>
 <row>
  <billtocode>CEDE5</billtocode>
  <billtodesc>hUb.jv]Yfl/i4</billtodesc>
  <billtoeffdt>2008-02-27 00:00:00</billtoeffdt>
  <billtoexpdt>2009-05-15 00:00:00</billtoexpdt>
 </row>
 <row>
  <billtocode>SCGLA6</billtocode>
  <billtodesc>VmA4)d4/)z[.]</billtodesc>
  <billtoeffdt>2008-02-21 00:00:00</billtoeffdt>
  <billtoexpdt>2010-09-26 00:00:00</billtoexpdt>
 </row>
 <row>
  <billtocode>TQLMO6</billtocode>
  <billtodesc>;R`&amp;y6Kzv7wSt</billtodesc>
  <billtoeffdt>2008-02-26 00:00:00</billtoeffdt>
  <billtoexpdt>2008-04-19 00:00:00</billtoexpdt>
 </row>
 <row>
  <billtocode>CCTX5</billtocode>
  <billtodesc>$$NMA$h)v4Bxq</billtodesc>
  <billtoeffdt>2008-02-23 00:00:00</billtoeffdt>
  <billtoexpdt>2008-10-02 00:00:00</billtoexpdt>
 </row>
 <row>
  <billtocode>PCFPO</billtocode>
  <billtodesc>YmD6.l7f%0lHw</billtodesc>
  <billtoeffdt>2008-02-15 00:00:00</billtoeffdt>
  <billtoexpdt>2009-02-15 00:00:00</billtoexpdt>
 </row>
 <row>
  <billtocode>HLSI03</billtocode>
  <billtodesc>Kb\-LO;SlarXR</billtodesc>
  <billtoeffdt>2008-02-09 00:00:00</billtoeffdt>
  <billtoexpdt>2008-03-17 00:00:00</billtoexpdt>
 </row>
 <row>
  <billtocode>KGFMA4</billtocode>
  <billtodesc>%c6JGRByQ&gt;&apos;nL</billtodesc>
  <billtoeffdt>2008-02-13 00:00:00</billtoeffdt>
  <billtoexpdt>2011-03-14 00:00:00</billtoexpdt>
 </row>
 <row>
  <billtocode>MBCW9</billtocode>
  <billtodesc>V2)h1B;rMn0U_</billtodesc>
  <billtoeffdt>2008-02-16 00:00:00</billtoeffdt>
  <billtoexpdt>2011-12-15 00:00:00</billtoexpdt>
 </row>
 <row>
  <billtocode>CCUAT5</billtocode>
  <billtodesc>[^7H7Z6&lt;Rp*hM</billtodesc>
  <billtoeffdt>2008-02-19 00:00:00</billtoeffdt>
  <billtoexpdt>2011-03-19 00:00:00</billtoexpdt>
 </row>
 <row>
  <billtocode>CSMO</billtocode>
  <billtodesc>&quot;&amp;C0fsy=LPL&quot;&quot;K2&quot;</billtodesc>
  <billtoeffdt>2008-02-05 00:00:00</billtoeffdt>
  <billtoexpdt>2008-12-08 00:00:00</billtoexpdt>
 </row>
 <row>
  <billtocode>WLGFL</billtocode>
  <billtodesc>ajfmMqBH2JNr!</billtodesc>
  <billtoeffdt>2008-02-11 00:00:00</billtoeffdt>
  <billtoexpdt>2008-07-21 00:00:00</billtoexpdt>
 </row>
 <row>
  <billtocode>ADOV6</billtocode>
  <billtodesc>k^_=-(&lt;Ml=JO^</billtodesc>
  <billtoeffdt>2008-02-13 00:00:00</billtoeffdt>
  <billtoexpdt>2008-05-22 00:00:00</billtoexpdt>
 </row>
 <row>
  <billtocode>FRRCA</billtocode>
  <billtodesc>=ZpRPzj;q&lt;rU(</billtodesc>
  <billtoeffdt>2008-02-08 00:00:00</billtoeffdt>
  <billtoexpdt>2010-12-29 00:00:00</billtoexpdt>
 </row>
 <row>
  <billtocode>XTGA6</billtocode>
  <billtodesc>&quot;&amp;4_&amp;oH+m&quot;&quot;BkJT&quot;</billtodesc>
  <billtoeffdt>2008-02-03 00:00:00</billtoeffdt>
  <billtoexpdt>2009-12-28 00:00:00</billtoexpdt>
 </row>
 <row>
  <billtocode>AFSSA</billtocode>
  <billtodesc>5N;ygZV#%cIg0</billtodesc>
  <billtoeffdt>2008-02-20 00:00:00</billtoeffdt>
  <billtoexpdt>2009-01-14 00:00:00</billtoexpdt>
 </row>
 <row>
  <billtocode>BMTIN6</billtocode>
  <billtodesc>fyNm6n\w!7GvX</billtodesc>
  <billtoeffdt>2008-02-23 00:00:00</billtoeffdt>
  <billtoexpdt>2010-06-05 00:00:00</billtoexpdt>
 </row>
 <row>
  <billtocode>WEBNC5</billtocode>
  <billtodesc>J)+aPryS!3G1.</billtodesc>
  <billtoeffdt>2008-02-17 00:00:00</billtoeffdt>
  <billtoexpdt>2008-03-26 00:00:00</billtoexpdt>
 </row>
 <row>
  <billtocode>FSCSL</billtocode>
  <billtodesc>v?@-1CN9y`k2S</billtodesc>
  <billtoeffdt>2008-02-11 00:00:00</billtoeffdt>
  <billtoexpdt>2009-12-26 00:00:00</billtoexpdt>
 </row>
 <row>
  <billtocode>PWCPH</billtocode>
  <billtodesc>&quot;Dyd)p\^Je1wU&quot;&quot;&quot;</billtodesc>
  <billtoeffdt>2008-02-12 00:00:00</billtoeffdt>
  <billtoexpdt>2011-12-28 00:00:00</billtoexpdt>
 </row>
 <row>
  <billtocode>XHEPR</billtocode>
  <billtodesc>cc?o`;u%J.g+&lt;</billtodesc>
  <billtoeffdt>2008-02-05 00:00:00</billtoeffdt>
  <billtoexpdt>2010-01-11 00:00:00</billtoexpdt>
 </row>
 <row>
  <billtocode>FWRID6</billtocode>
  <billtodesc>+-mR0^_YVfF\J</billtodesc>
  <billtoeffdt>2008-02-04 00:00:00</billtoeffdt>
  <billtoexpdt>2011-11-17 00:00:00</billtoexpdt>
 </row>
 <row>
  <billtocode>RETI6</billtocode>
  <billtodesc>xci(6ra+k?h+3</billtodesc>
  <billtoeffdt>2008-02-17 00:00:00</billtoeffdt>
  <billtoexpdt>2011-03-25 00:00:00</billtoexpdt>
 </row>
 <row>
  <billtocode>MWLIT</billtocode>
  <billtodesc>f?e?6&lt;;W#PzcN</billtodesc>
  <billtoeffdt>2008-02-12 00:00:00</billtoeffdt>
  <billtoexpdt>2010-05-29 00:00:00</billtoexpdt>
 </row>
 <row>
  <billtocode>FFMIA</billtocode>
  <billtodesc>?Opg]t-oOuo:w</billtodesc>
  <billtoeffdt>2008-02-24 00:00:00</billtoeffdt>
  <billtoexpdt>2011-03-11 00:00:00</billtoexpdt>
 </row>
 <row>
  <billtocode>KCILA6</billtocode>
  <billtodesc>bkw8oR]WP1_Xo</billtodesc>
  <billtoeffdt>2008-02-25 00:00:00</billtoeffdt>
  <billtoexpdt>2011-11-07 00:00:00</billtoexpdt>
 </row>
 <row>
  <billtocode>IWSA5</billtocode>
  <billtodesc>E0F`l`J&apos;Kj5PD</billtodesc>
  <billtoeffdt>2008-02-15 00:00:00</billtoeffdt>
  <billtoexpdt>2009-11-10 00:00:00</billtoexpdt>
 </row>
 <row>
  <billtocode>SNIGA5</billtocode>
  <billtodesc>&quot;PQf&quot;&quot;3g;R7&gt;5Km&quot;</billtodesc>
  <billtoeffdt>2008-02-09 00:00:00</billtoeffdt>
  <billtoexpdt>2009-03-20 00:00:00</billtoexpdt>
 </row>
 <row>
  <billtocode>ELDCO</billtocode>
  <billtodesc>XWwPu84x\C:8:</billtodesc>
  <billtoeffdt>2008-02-24 00:00:00</billtoeffdt>
  <billtoexpdt>2010-09-29 00:00:00</billtoexpdt>
 </row>
 <row>
  <billtocode>DCUT5</billtocode>
  <billtodesc>fFnpWSML??H\?</billtodesc>
  <billtoeffdt>2008-02-19 00:00:00</billtoeffdt>
  <billtoexpdt>2010-01-05 00:00:00</billtoexpdt>
 </row>
 <row>
  <billtocode>SFSAZ9</billtocode>
  <billtodesc>LC0K6w?J:&gt;&lt;8J</billtodesc>
  <billtoeffdt>2008-02-16 00:00:00</billtoeffdt>
  <billtoexpdt>2009-04-22 00:00:00</billtoexpdt>
 </row>
 <row>
  <billtocode>DFCA</billtocode>
  <billtodesc>m!bGpd6\&amp;t%%\</billtodesc>
  <billtoeffdt>2008-02-15 00:00:00</billtoeffdt>
  <billtoexpdt>2008-03-30 00:00:00</billtoexpdt>
 </row>
 <row>
  <billtocode>LSHO</billtocode>
  <billtodesc>sU((I10?e[wkZ</billtodesc>
  <billtoeffdt>2008-02-10 00:00:00</billtoeffdt>
  <billtoexpdt>2008-07-27 00:00:00</billtoexpdt>
 </row>
 <row>
  <billtocode>ARLTC</billtocode>
  <billtodesc>LWf(0gZoo&amp;6F]</billtodesc>
  <billtoeffdt>2008-02-24 00:00:00</billtoeffdt>
  <billtoexpdt>2008-06-08 00:00:00</billtoexpdt>
 </row>
 <row>
  <billtocode>GBCS6</billtocode>
  <billtodesc>MJPyhv#:*pB1q</billtodesc>
  <billtoeffdt>2008-02-18 00:00:00</billtoeffdt>
  <billtoexpdt>2009-05-05 00:00:00</billtoexpdt>
 </row>
 <row>
  <billtocode>CFMI5</billtocode>
  <billtodesc>He3-_[&lt;N1W2!A</billtodesc>
  <billtoeffdt>2008-02-07 00:00:00</billtoeffdt>
  <billtoexpdt>2009-09-16 00:00:00</billtoexpdt>
 </row>
 <row>
  <billtocode>NPFL5</billtocode>
  <billtodesc>0EqHpH3xTTwnb</billtodesc>
  <billtoeffdt>2008-02-09 00:00:00</billtoeffdt>
  <billtoexpdt>2009-08-25 00:00:00</billtoexpdt>
 </row>
 <row>
  <billtocode>PDANK</billtocode>
  <billtodesc>Hf?Z_30ZJsBJ;</billtodesc>
  <billtoeffdt>2008-02-23 00:00:00</billtoeffdt>
  <billtoexpdt>2010-12-12 00:00:00</billtoexpdt>
 </row>
 <row>
  <billtocode>CKMO</billtocode>
  <billtodesc>kC;)&apos;:4jd`&amp;=A</billtodesc>
  <billtoeffdt>2008-02-19 00:00:00</billtoeffdt>
  <billtoexpdt>2009-03-26 00:00:00</billtoexpdt>
 </row>
 <row>
  <billtocode>EISMO6</billtocode>
  <billtodesc>dR$[k3Jkn2J7R</billtodesc>
  <billtoeffdt>2008-02-20 00:00:00</billtoeffdt>
  <billtoexpdt>2010-01-22 00:00:00</billtoexpdt>
 </row>
 <row>
  <billtocode>PGOUT</billtocode>
  <billtodesc>B#Sw-X^&gt;xv7Wj</billtodesc>
  <billtoeffdt>2008-02-11 00:00:00</billtoeffdt>
  <billtoexpdt>2008-10-14 00:00:00</billtoexpdt>
 </row>
 <row>
  <billtocode>BWMO6</billtocode>
  <billtodesc>&quot;U7h&quot;&quot;.nyYSz6Em&quot;</billtodesc>
  <billtoeffdt>2008-02-25 00:00:00</billtoeffdt>
  <billtoexpdt>2011-11-25 00:00:00</billtoexpdt>
 </row>
 <row>
  <billtocode>CBLIN5</billtocode>
  <billtodesc>?6n!+B;J%s=&gt;0</billtodesc>
  <billtoeffdt>2008-02-25 00:00:00</billtoeffdt>
  <billtoexpdt>2010-08-16 00:00:00</billtoexpdt>
 </row>
 <row>
  <billtocode>BAWSP3</billtocode>
  <billtodesc>W\H/ClFD5H]&lt;&lt;</billtodesc>
  <billtoeffdt>2008-02-07 00:00:00</billtoeffdt>
  <billtoexpdt>2011-05-31 00:00:00</billtoexpdt>
 </row>
 <row>
  <billtocode>SFLAU6</billtocode>
  <billtodesc>cYR4x5r&amp;?&amp;.P^</billtodesc>
  <billtoeffdt>2008-02-10 00:00:00</billtoeffdt>
  <billtoexpdt>2011-08-14 00:00:00</billtoexpdt>
 </row>
 <row>
  <billtocode>CMN5</billtocode>
  <billtodesc>_JOTP/6Rr)`mn</billtodesc>
  <billtoeffdt>2008-02-02 00:00:00</billtoeffdt>
  <billtoexpdt>2011-05-22 00:00:00</billtoexpdt>
 </row>
 <row>
  <billtocode>XLBFHI</billtocode>
  <billtodesc>&quot;BE&quot;&quot;MIJ^SA8;&quot;&quot;[&quot;</billtodesc>
  <billtoeffdt>2008-02-25 00:00:00</billtoeffdt>
  <billtoexpdt>2010-08-26 00:00:00</billtoexpdt>
 </row>
 <row>
  <billtocode>SCBRA5</billtocode>
  <billtodesc>]uPTh]oOHeHy\</billtodesc>
  <billtoeffdt>2008-02-02 00:00:00</billtoeffdt>
  <billtoexpdt>2010-12-14 00:00:00</billtoexpdt>
 </row>
 <row>
  <billtocode>HEDEN5</billtocode>
  <billtodesc>wT-\*:I^ooatq</billtodesc>
  <billtoeffdt>2008-02-15 00:00:00</billtoeffdt>
  <billtoexpdt>2008-02-28 00:00:00</billtoexpdt>
 </row>
 <row>
  <billtocode>UHCC3</billtocode>
  <billtodesc>X:M4&apos;$)8l`nF[</billtodesc>
  <billtoeffdt>2008-02-06 00:00:00</billtoeffdt>
  <billtoexpdt>2010-07-28 00:00:00</billtoexpdt>
 </row>
 <row>
  <billtocode>FAIHO3</billtocode>
  <billtodesc>#Bon.k&gt;I\0V;D</billtodesc>
  <billtoeffdt>2008-02-04 00:00:00</billtoeffdt>
  <billtoexpdt>2011-12-13 00:00:00</billtoexpdt>
 </row>
 <row>
  <billtocode>PGCEH</billtocode>
  <billtodesc>NZ`tc@[xWJ+C%</billtodesc>
  <billtoeffdt>2008-02-18 00:00:00</billtoeffdt>
  <billtoexpdt>2010-07-13 00:00:00</billtoexpdt>
 </row>
 <row>
  <billtocode>CDJMX</billtocode>
  <billtodesc>E%K*UxG;zEY**</billtodesc>
  <billtoeffdt>2008-02-03 00:00:00</billtoeffdt>
  <billtoexpdt>2011-03-02 00:00:00</billtoexpdt>
 </row>
 <row>
  <billtocode>KPSBR</billtocode>
  <billtodesc>%d*xwV`GIE8Gu</billtodesc>
  <billtoeffdt>2008-02-25 00:00:00</billtoeffdt>
  <billtoexpdt>2010-04-11 00:00:00</billtoexpdt>
 </row>
 <row>
  <billtocode>OMSHA</billtocode>
  <billtodesc>fMD`p:XuRMC(O</billtodesc>
  <billtoeffdt>2008-02-05 00:00:00</billtoeffdt>
  <billtoexpdt>2011-05-27 00:00:00</billtoexpdt>
 </row>
 <row>
  <billtocode>SIFO</billtocode>
  <billtodesc>Zj!0(&gt;.6o]0WR</billtodesc>
  <billtoeffdt>2008-02-07 00:00:00</billtoeffdt>
  <billtoexpdt>2008-07-21 00:00:00</billtoexpdt>
 </row>
 <row>
  <billtocode>LCGA</billtocode>
  <billtodesc>%`&gt;G.T./&amp;7Vql</billtodesc>
  <billtoeffdt>2008-02-06 00:00:00</billtoeffdt>
  <billtoexpdt>2011-09-06 00:00:00</billtoexpdt>
 </row>
 <row>
  <billtocode>EAMHY9</billtocode>
  <billtodesc>&quot;nq&quot;&quot;)5ceM(GVti&quot;</billtodesc>
  <billtoeffdt>2008-02-07 00:00:00</billtoeffdt>
  <billtoexpdt>2010-12-31 00:00:00</billtoexpdt>
 </row>
 <row>
  <billtocode>NTSAN</billtocode>
  <billtodesc>J9ND?i(&lt;Hxl;6</billtodesc>
  <billtoeffdt>2008-02-25 00:00:00</billtoeffdt>
  <billtoexpdt>2010-05-15 00:00:00</billtoexpdt>
 </row>
 <row>
  <billtocode>GKEL3</billtocode>
  <billtodesc>*X/nq\J2+9trU</billtodesc>
  <billtoeffdt>2008-02-07 00:00:00</billtoeffdt>
  <billtoexpdt>2011-09-11 00:00:00</billtoexpdt>
 </row>
 <row>
  <billtocode>MWOC5</billtocode>
  <billtodesc>%nPQ$bQr?.o\S</billtodesc>
  <billtoeffdt>2008-02-25 00:00:00</billtoeffdt>
  <billtoexpdt>2008-09-19 00:00:00</billtoexpdt>
 </row>
 <row>
  <billtocode>ALBID</billtocode>
  <billtodesc>*%TN7z&apos;ufj[-*</billtodesc>
  <billtoeffdt>2008-02-15 00:00:00</billtoeffdt>
  <billtoexpdt>2008-02-19 00:00:00</billtoexpdt>
 </row>
 <row>
  <billtocode>LRMUT5</billtocode>
  <billtodesc>HbVXTKTaY9bxU</billtodesc>
  <billtoeffdt>2008-02-27 00:00:00</billtoeffdt>
  <billtoexpdt>2010-05-22 00:00:00</billtoexpdt>
 </row>
 <row>
  <billtocode>IMEDF</billtocode>
  <billtodesc>o84;@ab][fPNY</billtodesc>
  <billtoeffdt>2008-02-08 00:00:00</billtoeffdt>
  <billtoexpdt>2011-06-25 00:00:00</billtoexpdt>
 </row>
 <row>
  <billtocode>BDHU</billtocode>
  <billtodesc>D?LJe9Ll/&lt;LnE</billtodesc>
  <billtoeffdt>2008-02-25 00:00:00</billtoeffdt>
  <billtoexpdt>2011-05-11 00:00:00</billtoexpdt>
 </row>
 <row>
  <billtocode>AWGKS5</billtocode>
  <billtodesc>aOs(S2SZIJ#H8</billtodesc>
  <billtoeffdt>2008-02-26 00:00:00</billtoeffdt>
  <billtoexpdt>2011-11-09 00:00:00</billtoexpdt>
 </row>
 <row>
  <billtocode>TGGL3</billtocode>
  <billtodesc>B.hp)go0?C5e_</billtodesc>
  <billtoeffdt>2008-02-21 00:00:00</billtoeffdt>
  <billtoexpdt>2009-07-08 00:00:00</billtoexpdt>
 </row>
 <row>
  <billtocode>FCGC</billtocode>
  <billtodesc>6FeV*+WPYMGFJ</billtodesc>
  <billtoeffdt>2008-02-14 00:00:00</billtoeffdt>
  <billtoexpdt>2011-06-22 00:00:00</billtoexpdt>
 </row>
 <row>
  <billtocode>FSHK5</billtocode>
  <billtodesc>4WUeu%k?ZrKQ1</billtodesc>
  <billtoeffdt>2008-02-02 00:00:00</billtoeffdt>
  <billtoexpdt>2011-05-16 00:00:00</billtoexpdt>
 </row>
 <row>
  <billtocode>USOSL</billtocode>
  <billtodesc>h+p)aZ34t`#rL</billtodesc>
  <billtoeffdt>2008-02-20 00:00:00</billtoeffdt>
  <billtoexpdt>2009-10-19 00:00:00</billtoexpdt>
 </row>
 <row>
  <billtocode>ATPH9</billtocode>
  <billtodesc>XaZ\[3HBtT1:C</billtodesc>
  <billtoeffdt>2008-02-14 00:00:00</billtoeffdt>
  <billtoexpdt>2011-10-03 00:00:00</billtoexpdt>
 </row>
 <row>
  <billtocode>ILCNC5</billtocode>
  <billtodesc>&quot;4grLt!&quot;&quot;hSMS2l&quot;</billtodesc>
  <billtoeffdt>2008-02-23 00:00:00</billtoeffdt>
  <billtoexpdt>2008-06-20 00:00:00</billtoexpdt>
 </row>
 <row>
  <billtocode>DFCIN5</billtocode>
  <billtodesc>iT3[rD&apos;^yDtUp</billtodesc>
  <billtoeffdt>2008-02-05 00:00:00</billtoeffdt>
  <billtoexpdt>2010-08-01 00:00:00</billtoexpdt>
 </row>
 <row>
  <billtocode>JCSIN6</billtocode>
  <billtodesc>=ig(;j:+$o1a9</billtodesc>
  <billtoeffdt>2008-02-27 00:00:00</billtoeffdt>
  <billtoexpdt>2011-12-16 00:00:00</billtoexpdt>
 </row>
 <row>
  <billtocode>NCCNY</billtocode>
  <billtodesc>WnDu[sqo4-9A[</billtodesc>
  <billtoeffdt>2008-02-17 00:00:00</billtoeffdt>
  <billtoexpdt>2010-12-22 00:00:00</billtoexpdt>
 </row>
 <row>
  <billtocode>TJMLV9</billtocode>
  <billtodesc>a07urvGx()G8g</billtodesc>
  <billtoeffdt>2008-02-06 00:00:00</billtoeffdt>
  <billtoexpdt>2010-08-10 00:00:00</billtoexpdt>
 </row>
 <row>
  <billtocode>VSPH</billtocode>
  <billtodesc>$`24nVn&gt;WmKM?</billtodesc>
  <billtoeffdt>2008-02-13 00:00:00</billtoeffdt>
  <billtoexpdt>2010-07-17 00:00:00</billtoexpdt>
 </row>
 <row>
  <billtocode>UPSV6</billtocode>
  <billtodesc>e\qA!Hh&apos;AAF]d</billtodesc>
  <billtoeffdt>2008-02-21 00:00:00</billtoeffdt>
  <billtoexpdt>2011-03-06 00:00:00</billtoexpdt>
 </row>
 <row>
  <billtocode>PFSAT</billtocode>
  <billtodesc>&amp;$&amp;_%\JBUyk8G</billtodesc>
  <billtoeffdt>2008-02-19 00:00:00</billtoeffdt>
  <billtoexpdt>2010-04-26 00:00:00</billtoexpdt>
 </row>
 <row>
  <billtocode>LBFHI3</billtocode>
  <billtodesc>ueV%lyw`UXcdj</billtodesc>
  <billtoeffdt>2008-02-26 00:00:00</billtoeffdt>
  <billtoexpdt>2009-03-20 00:00:00</billtoexpdt>
 </row>
 <row>
  <billtocode>LVDWB</billtocode>
  <billtodesc>&quot;94wt[s4&lt;C]`z&quot;&quot;&quot;</billtodesc>
  <billtoeffdt>2008-02-06 00:00:00</billtoeffdt>
  <billtoexpdt>2008-03-27 00:00:00</billtoexpdt>
 </row>
 <row>
  <billtocode>18FLW6</billtocode>
  <billtodesc>&quot;ER6&quot;&quot;BN%:&quot;&quot;Imf8&quot;</billtodesc>
  <billtoeffdt>2008-02-16 00:00:00</billtoeffdt>
  <billtoexpdt>2010-05-03 00:00:00</billtoexpdt>
 </row>
 <row>
  <billtocode>NESO</billtocode>
  <billtodesc>:;77rTsf/q&lt;qh</billtodesc>
  <billtoeffdt>2008-02-03 00:00:00</billtoeffdt>
  <billtoexpdt>2009-12-28 00:00:00</billtoexpdt>
 </row>
 <row>
  <billtocode>SVAU9</billtocode>
  <billtodesc>hpwfEwdC:q2dk</billtodesc>
  <billtoeffdt>2008-02-23 00:00:00</billtoeffdt>
  <billtoexpdt>2009-07-04 00:00:00</billtoexpdt>
 </row>
 <row>
  <billtocode>HMFSP9</billtocode>
  <billtodesc>$/DZ-Uk(T@X]W</billtodesc>
  <billtoeffdt>2008-02-14 00:00:00</billtoeffdt>
  <billtoexpdt>2008-02-29 00:00:00</billtoexpdt>
 </row>
 <row>
  <billtocode>JSCI</billtocode>
  <billtodesc>L^&gt;e/R:@MlY*;</billtodesc>
  <billtoeffdt>2008-02-11 00:00:00</billtoeffdt>
  <billtoexpdt>2011-02-05 00:00:00</billtoexpdt>
 </row>
 <row>
  <billtocode>OSMI</billtocode>
  <billtodesc>):;9_kzlcoD=h</billtodesc>
  <billtoeffdt>2008-02-22 00:00:00</billtoeffdt>
  <billtoexpdt>2010-12-17 00:00:00</billtoexpdt>
 </row>
 <row>
  <billtocode>HLHE</billtocode>
  <billtodesc>v^fHQM2S\C.p:</billtodesc>
  <billtoeffdt>2008-02-09 00:00:00</billtoeffdt>
  <billtoexpdt>2009-07-01 00:00:00</billtoexpdt>
 </row>
 <row>
  <billtocode>TFAR6</billtocode>
  <billtodesc>nlC;q!3`wy-o0</billtodesc>
  <billtoeffdt>2008-02-21 00:00:00</billtoeffdt>
  <billtoexpdt>2010-09-21 00:00:00</billtoexpdt>
 </row>
 <row>
  <billtocode>HHAZ</billtocode>
  <billtodesc>&amp;c$vO\PIzt7m7</billtodesc>
  <billtoeffdt>2008-02-26 00:00:00</billtoeffdt>
  <billtoexpdt>2011-08-30 00:00:00</billtoexpdt>
 </row>
 <row>
  <billtocode>TKSLC</billtocode>
  <billtodesc>&quot;fn`/SZ&quot;&quot;oP3NhB&quot;</billtodesc>
  <billtoeffdt>2008-02-18 00:00:00</billtoeffdt>
  <billtoexpdt>2009-03-23 00:00:00</billtoexpdt>
 </row>
 <row>
  <billtocode>FMCLE</billtocode>
  <billtodesc>_lC#raT&lt;&gt;hVUT</billtodesc>
  <billtoeffdt>2008-02-04 00:00:00</billtoeffdt>
  <billtoexpdt>2011-10-07 00:00:00</billtoexpdt>
 </row>
 <row>
  <billtocode>KBCO5</billtocode>
  <billtodesc>&quot;0s&quot;&quot;O%Jv@4ZF$4&quot;</billtodesc>
  <billtoeffdt>2008-02-14 00:00:00</billtoeffdt>
  <billtoexpdt>2011-04-12 00:00:00</billtoexpdt>
 </row>
 <row>
  <billtocode>GTCA5</billtocode>
  <billtodesc>yPw3jvO7i?om3</billtodesc>
  <billtoeffdt>2008-02-25 00:00:00</billtoeffdt>
  <billtoexpdt>2010-08-15 00:00:00</billtoexpdt>
 </row>
 <row>
  <billtocode>NFTMO</billtocode>
  <billtodesc>Sjr%&amp;z4S!S$5F</billtodesc>
  <billtoeffdt>2008-02-10 00:00:00</billtoeffdt>
  <billtoexpdt>2010-08-23 00:00:00</billtoexpdt>
 </row>
 <row>
  <billtocode>HATAZ</billtocode>
  <billtodesc>YL(K\XYkw&apos;nXY</billtodesc>
  <billtoeffdt>2008-02-03 00:00:00</billtoeffdt>
  <billtoexpdt>2010-04-28 00:00:00</billtoexpdt>
 </row>
 <row>
  <billtocode>PLWW6</billtocode>
  <billtodesc>px^ys3x)JW&lt;ST</billtodesc>
  <billtoeffdt>2008-02-16 00:00:00</billtoeffdt>
  <billtoexpdt>2008-07-06 00:00:00</billtoexpdt>
 </row>
 <row>
  <billtocode>PCB9</billtocode>
  <billtodesc>$\UKdCyW4xt4b</billtodesc>
  <billtoeffdt>2008-02-13 00:00:00</billtoeffdt>
  <billtoexpdt>2010-03-30 00:00:00</billtoexpdt>
 </row>
 <row>
  <billtocode>AFSPH5</billtocode>
  <billtodesc>/@4\T:`K&gt;`\=b</billtodesc>
  <billtoeffdt>2008-02-05 00:00:00</billtoeffdt>
  <billtoexpdt>2009-11-13 00:00:00</billtoexpdt>
 </row>
 <row>
  <billtocode>ETAG5</billtocode>
  <billtodesc>F_^c1$cxQ&gt;&amp;uY</billtodesc>
  <billtoeffdt>2008-02-27 00:00:00</billtoeffdt>
  <billtoexpdt>2009-10-30 00:00:00</billtoexpdt>
 </row>
 <row>
  <billtocode>EMDAR</billtocode>
  <billtodesc>&gt;xda9\Pb.P6-k</billtodesc>
  <billtoeffdt>2008-02-27 00:00:00</billtoeffdt>
  <billtoexpdt>2010-11-16 00:00:00</billtoexpdt>
 </row>
 <row>
  <billtocode>MLGR4</billtocode>
  <billtodesc>%x7\a?*RERA&amp;_</billtodesc>
  <billtoeffdt>2008-02-03 00:00:00</billtoeffdt>
  <billtoexpdt>2009-04-19 00:00:00</billtoexpdt>
 </row>
 <row>
  <billtocode>TCESPI</billtocode>
  <billtodesc>s%`bi5)^2XQ56</billtodesc>
  <billtoeffdt>2008-02-23 00:00:00</billtoeffdt>
  <billtoexpdt>2008-08-18 00:00:00</billtoexpdt>
 </row>
 <row>
  <billtocode>RIWOR5</billtocode>
  <billtodesc>&quot;Y8nsDTx[K&quot;&quot;u-e&quot;</billtodesc>
  <billtoeffdt>2008-02-23 00:00:00</billtoeffdt>
  <billtoexpdt>2011-01-08 00:00:00</billtoexpdt>
 </row>
 <row>
  <billtocode>VPHOD9</billtocode>
  <billtodesc>X9K&apos;vAS[ItNDb</billtodesc>
  <billtoeffdt>2008-02-07 00:00:00</billtoeffdt>
  <billtoexpdt>2010-04-12 00:00:00</billtoexpdt>
 </row>
 <row>
  <billtocode>LDLO</billtocode>
  <billtodesc>4?:%h.tw_*8dn</billtodesc>
  <billtoeffdt>2008-02-17 00:00:00</billtoeffdt>
  <billtoexpdt>2009-05-10 00:00:00</billtoexpdt>
 </row>
 <row>
  <billtocode>TPI5</billtocode>
  <billtodesc>%PF@fEEP99IdV</billtodesc>
  <billtoeffdt>2008-02-27 00:00:00</billtoeffdt>
  <billtoexpdt>2008-05-08 00:00:00</billtoexpdt>
 </row>
 <row>
  <billtocode>HBHAZ</billtocode>
  <billtodesc>&quot;&quot;&quot;JF&quot;&quot;tkW5Zg]7E&quot;</billtodesc>
  <billtoeffdt>2008-02-22 00:00:00</billtoeffdt>
  <billtoexpdt>2010-03-20 00:00:00</billtoexpdt>
 </row>
 <row>
  <billtocode>IFTIN5</billtocode>
  <billtodesc>B!h3KX0kWa:I$</billtodesc>
  <billtoeffdt>2008-02-12 00:00:00</billtoeffdt>
  <billtoexpdt>2008-05-04 00:00:00</billtoexpdt>
 </row>
 <row>
  <billtocode>WBTO</billtocode>
  <billtodesc>&quot;=m]&quot;&quot;*ADRz=jT7&quot;</billtodesc>
  <billtoeffdt>2008-02-27 00:00:00</billtoeffdt>
  <billtoexpdt>2008-10-13 00:00:00</billtoexpdt>
 </row>
 <row>
  <billtocode>NFTSL</billtocode>
  <billtodesc>v@gOP^E3HZYQY</billtodesc>
  <billtoeffdt>2008-02-04 00:00:00</billtoeffdt>
  <billtoexpdt>2008-10-13 00:00:00</billtoexpdt>
 </row>
 <row>
  <billtocode>STVA</billtocode>
  <billtodesc>.m5Gnna.GMLq%</billtodesc>
  <billtoeffdt>2008-02-04 00:00:00</billtoeffdt>
  <billtoexpdt>2008-02-04 00:00:00</billtoexpdt>
 </row>
 <row>
  <billtocode>FFASH3</billtocode>
  <billtodesc>s=e`LVKk;I2)4</billtodesc>
  <billtoeffdt>2008-02-04 00:00:00</billtoeffdt>
  <billtoexpdt>2010-08-28 00:00:00</billtoexpdt>
 </row>
 <row>
  <billtocode>8TRCO</billtocode>
  <billtodesc>!3H\aaw.hQqjQ</billtodesc>
  <billtoeffdt>2008-02-15 00:00:00</billtoeffdt>
  <billtoexpdt>2011-04-01 00:00:00</billtoexpdt>
 </row>
 <row>
  <billtocode>STOSP</billtocode>
  <billtodesc>\$#=pSOJ)Plex</billtodesc>
  <billtoeffdt>2008-02-20 00:00:00</billtoeffdt>
  <billtoexpdt>2009-06-06 00:00:00</billtoexpdt>
 </row>
 <row>
  <billtocode>NSAL</billtocode>
  <billtodesc>_+^QHTn;(ogwp</billtodesc>
  <billtoeffdt>2008-02-26 00:00:00</billtoeffdt>
  <billtoexpdt>2010-10-11 00:00:00</billtoexpdt>
 </row>
 <row>
  <billtocode>AHBOU</billtocode>
  <billtodesc>Z:ZysPs1U53#^</billtodesc>
  <billtoeffdt>2008-02-09 00:00:00</billtoeffdt>
  <billtoexpdt>2010-11-11 00:00:00</billtoexpdt>
 </row>
 <row>
  <billtocode>GWPOR5</billtocode>
  <billtodesc>1b&lt;yp&amp;[_UcNQ&amp;</billtodesc>
  <billtoeffdt>2008-02-04 00:00:00</billtoeffdt>
  <billtoexpdt>2010-06-02 00:00:00</billtoexpdt>
 </row>
 <row>
  <billtocode>MOTTO</billtocode>
  <billtodesc>E&amp;A%qu+b6J+S7</billtodesc>
  <billtoeffdt>2008-02-14 00:00:00</billtoeffdt>
  <billtoexpdt>2011-02-27 00:00:00</billtoexpdt>
 </row>
 <row>
  <billtocode>RADAL</billtocode>
  <billtodesc>e7b_guUHn(7hN</billtodesc>
  <billtoeffdt>2008-02-25 00:00:00</billtoeffdt>
  <billtoexpdt>2008-09-28 00:00:00</billtoexpdt>
 </row>
 <row>
  <billtocode>RFPB5</billtocode>
  <billtodesc>&amp;ffnx[tJXrWx&amp;</billtodesc>
  <billtoeffdt>2008-02-22 00:00:00</billtoeffdt>
  <billtoexpdt>2010-06-03 00:00:00</billtoexpdt>
 </row>
 <row>
  <billtocode>CHBAT9</billtocode>
  <billtodesc>wsXK7f3\2d=vq</billtodesc>
  <billtoeffdt>2008-02-17 00:00:00</billtoeffdt>
  <billtoexpdt>2009-06-22 00:00:00</billtoexpdt>
 </row>
 <row>
  <billtocode>SOSNJ5</billtocode>
  <billtodesc>&lt;u&amp;AY@cfF-.Zb</billtodesc>
  <billtoeffdt>2008-02-13 00:00:00</billtoeffdt>
  <billtoexpdt>2010-12-03 00:00:00</billtoexpdt>
 </row>
 <row>
  <billtocode>OPCAN</billtocode>
  <billtodesc>w9*&amp;nXRT3&amp;Lf3</billtodesc>
  <billtoeffdt>2008-02-08 00:00:00</billtoeffdt>
  <billtoexpdt>2011-11-19 00:00:00</billtoexpdt>
 </row>
 <row>
  <billtocode>RCFPGA</billtocode>
  <billtodesc>4!Cxd-CgJK6DN</billtodesc>
  <billtoeffdt>2008-02-21 00:00:00</billtoeffdt>
  <billtoexpdt>2009-05-22 00:00:00</billtoexpdt>
 </row>
 <row>
  <billtocode>SYSMEC</billtocode>
  <billtodesc>QpUVO5R/)mJIZ</billtodesc>
  <billtoeffdt>2008-02-04 00:00:00</billtoeffdt>
  <billtoexpdt>2011-07-09 00:00:00</billtoexpdt>
 </row>
 <row>
  <billtocode>PONHE</billtocode>
  <billtodesc>o_/^tb)E$Uo`E</billtodesc>
  <billtoeffdt>2008-02-18 00:00:00</billtoeffdt>
  <billtoexpdt>2010-05-18 00:00:00</billtoexpdt>
 </row>
 <row>
  <billtocode>CHRMA3</billtocode>
  <billtodesc>o=]l*]q*&gt;5%%#</billtodesc>
  <billtoeffdt>2008-02-11 00:00:00</billtoeffdt>
  <billtoexpdt>2011-04-12 00:00:00</billtoexpdt>
 </row>
 <row>
  <billtocode>CPYWG</billtocode>
  <billtodesc>^aZeQOZLa)\/d</billtodesc>
  <billtoeffdt>2008-02-15 00:00:00</billtoeffdt>
  <billtoexpdt>2009-03-07 00:00:00</billtoexpdt>
 </row>
 <row>
  <billtocode>MRON5</billtocode>
  <billtodesc>ppb@-nRh7G=Ch</billtodesc>
  <billtoeffdt>2008-02-20 00:00:00</billtoeffdt>
  <billtoexpdt>2011-03-06 00:00:00</billtoexpdt>
 </row>
 <row>
  <billtocode>SLLE</billtocode>
  <billtodesc>*:8Qek2+3!-M2</billtodesc>
  <billtoeffdt>2008-02-22 00:00:00</billtoeffdt>
  <billtoexpdt>2010-04-09 00:00:00</billtoexpdt>
 </row>
 <row>
  <billtocode>LOTH3</billtocode>
  <billtodesc>w^jYDIG56&amp;5x2</billtodesc>
  <billtoeffdt>2008-02-25 00:00:00</billtoeffdt>
  <billtoexpdt>2011-02-06 00:00:00</billtoexpdt>
 </row>
 <row>
  <billtocode>FBOG6</billtocode>
  <billtodesc>g!7o9$LA6dh&amp;L</billtodesc>
  <billtoeffdt>2008-02-20 00:00:00</billtoeffdt>
  <billtoexpdt>2010-09-30 00:00:00</billtoexpdt>
 </row>
 <row>
  <billtocode>WBNO5</billtocode>
  <billtodesc>&quot;rv)m&quot;&quot;MH2)h7z^&quot;</billtodesc>
  <billtoeffdt>2008-02-05 00:00:00</billtoeffdt>
  <billtoexpdt>2011-05-29 00:00:00</billtoexpdt>
 </row>
 <row>
  <billtocode>CRSOW3</billtocode>
  <billtodesc>3:@zxrouIgLRX</billtodesc>
  <billtoeffdt>2008-02-02 00:00:00</billtoeffdt>
  <billtoexpdt>2011-03-31 00:00:00</billtoexpdt>
 </row>
 <row>
  <billtocode>JFFJC</billtocode>
  <billtodesc>=!hWp[zo)oFIB</billtodesc>
  <billtoeffdt>2008-02-02 00:00:00</billtoeffdt>
  <billtoexpdt>2008-04-03 00:00:00</billtoexpdt>
 </row>
 <row>
  <billtocode>PATCA</billtocode>
  <billtodesc>#@Loevg0;@rFx</billtodesc>
  <billtoeffdt>2008-02-26 00:00:00</billtoeffdt>
  <billtoexpdt>2011-12-18 00:00:00</billtoexpdt>
 </row>
 <row>
  <billtocode>USFCO7</billtocode>
  <billtodesc>&quot;99LB._yX&apos;&quot;&quot;lt#&quot;</billtodesc>
  <billtoeffdt>2008-02-14 00:00:00</billtoeffdt>
  <billtoexpdt>2009-03-06 00:00:00</billtoexpdt>
 </row>
 <row>
  <billtocode>8HDHE</billtocode>
  <billtodesc>&quot;KUN=`))SkUY)&quot;&quot;&quot;</billtodesc>
  <billtoeffdt>2008-02-09 00:00:00</billtoeffdt>
  <billtoexpdt>2010-04-01 00:00:00</billtoexpdt>
 </row>
 <row>
  <billtocode>9</billtocode>
  <billtodesc>B-+iuGX.Ac?3!</billtodesc>
  <billtoeffdt>2008-02-21 00:00:00</billtoeffdt>
  <billtoexpdt>2009-10-02 00:00:00</billtoexpdt>
 </row>
 <row>
  <billtocode>GALP6</billtocode>
  <billtodesc>9=e#!h#h[G^G2</billtodesc>
  <billtoeffdt>2008-02-19 00:00:00</billtoeffdt>
  <billtoexpdt>2010-04-26 00:00:00</billtoexpdt>
 </row>
 <row>
  <billtocode>GTWI5</billtocode>
  <billtodesc>&amp;6]&gt;3kA7Qpzo`</billtodesc>
  <billtoeffdt>2008-02-15 00:00:00</billtoeffdt>
  <billtoexpdt>2010-05-27 00:00:00</billtoexpdt>
 </row>
 <row>
  <billtocode>ISDA3</billtocode>
  <billtodesc>mdb#OW$v:1M@v</billtodesc>
  <billtoeffdt>2008-02-11 00:00:00</billtoeffdt>
  <billtoexpdt>2011-07-18 00:00:00</billtoexpdt>
 </row>
 <row>
  <billtocode>RVF</billtocode>
  <billtodesc>JuFk^OA*oqwK:</billtodesc>
  <billtoeffdt>2008-02-27 00:00:00</billtoeffdt>
  <billtoexpdt>2008-07-09 00:00:00</billtoexpdt>
 </row>
 <row>
  <billtocode>CMPA6</billtocode>
  <billtodesc>&apos;3qpbCIZcr&lt;\z</billtodesc>
  <billtoeffdt>2008-02-19 00:00:00</billtoeffdt>
  <billtoexpdt>2008-10-11 00:00:00</billtoexpdt>
 </row>
 <row>
  <billtocode>AITX5</billtocode>
  <billtodesc>6U2rDccB39l]h</billtodesc>
  <billtoeffdt>2008-02-06 00:00:00</billtoeffdt>
  <billtoexpdt>2008-12-01 00:00:00</billtoexpdt>
 </row>
 <row>
  <billtocode>BORGC</billtocode>
  <billtodesc>#d2-6%J^4TsPW</billtodesc>
  <billtoeffdt>2008-02-19 00:00:00</billtoeffdt>
  <billtoexpdt>2010-04-15 00:00:00</billtoexpdt>
 </row>
 <row>
  <billtocode>BIFM5</billtocode>
  <billtodesc>&quot;hX&quot;&quot;.6*YIm[.Uv&quot;</billtodesc>
  <billtoeffdt>2008-02-19 00:00:00</billtoeffdt>
  <billtoexpdt>2009-03-25 00:00:00</billtoexpdt>
 </row>
 <row>
  <billtocode>NTPG6</billtocode>
  <billtodesc>&lt;&lt;mIyG2nrs&gt;Xv</billtodesc>
  <billtoeffdt>2008-02-21 00:00:00</billtoeffdt>
  <billtoexpdt>2011-04-28 00:00:00</billtoexpdt>
 </row>
 <row>
  <billtocode>SFC3</billtocode>
  <billtodesc>I%eM*+M&gt;$&lt;ESY</billtodesc>
  <billtoeffdt>2008-02-04 00:00:00</billtoeffdt>
  <billtoexpdt>2010-05-29 00:00:00</billtoexpdt>
 </row>
 <row>
  <billtocode>EAHG6</billtocode>
  <billtodesc>`v*_aa35hPE(8</billtodesc>
  <billtoeffdt>2008-02-24 00:00:00</billtoeffdt>
  <billtoexpdt>2008-09-04 00:00:00</billtoexpdt>
 </row>
 <row>
  <billtocode>SSTKS</billtocode>
  <billtodesc>5RF/Wgo&apos;uCkvW</billtodesc>
  <billtoeffdt>2008-02-26 00:00:00</billtoeffdt>
  <billtoexpdt>2008-08-03 00:00:00</billtoexpdt>
 </row>
 <row>
  <billtocode>HFHAZ</billtocode>
  <billtodesc>&quot;QVhk6`&quot;&quot;Q1*_Ci&quot;</billtodesc>
  <billtoeffdt>2008-02-04 00:00:00</billtoeffdt>
  <billtoexpdt>2009-10-07 00:00:00</billtoexpdt>
 </row>
 <row>
  <billtocode>RFXA6</billtocode>
  <billtodesc>+7o@;dDHm(]$T</billtodesc>
  <billtoeffdt>2008-02-25 00:00:00</billtoeffdt>
  <billtoexpdt>2009-06-13 00:00:00</billtoexpdt>
 </row>
 <row>
  <billtocode>R&amp;RFL</billtocode>
  <billtodesc>/NN;Eeph0p2&apos;.</billtodesc>
  <billtoeffdt>2008-02-27 00:00:00</billtoeffdt>
  <billtoexpdt>2008-06-06 00:00:00</billtoexpdt>
 </row>
 <row>
  <billtocode>IHFFW5</billtocode>
  <billtodesc>bFCnM5:_NIw8Z</billtodesc>
  <billtoeffdt>2008-02-25 00:00:00</billtoeffdt>
  <billtoexpdt>2009-01-10 00:00:00</billtoexpdt>
 </row>
 <row>
  <billtocode>GPODSH</billtocode>
  <billtodesc>M_+?7Ig7Q=&lt;Tt</billtodesc>
  <billtoeffdt>2008-02-07 00:00:00</billtoeffdt>
  <billtoexpdt>2008-06-17 00:00:00</billtoexpdt>
 </row>
 <row>
  <billtocode>WVGRN</billtocode>
  <billtodesc>&lt;T1KUC60Sd`30</billtodesc>
  <billtoeffdt>2008-02-03 00:00:00</billtoeffdt>
  <billtoexpdt>2008-06-03 00:00:00</billtoexpdt>
 </row>
 <row>
  <billtocode>BTFTT</billtocode>
  <billtodesc>b[Sn94W;AaWjE</billtodesc>
  <billtoeffdt>2008-02-23 00:00:00</billtoeffdt>
  <billtoexpdt>2010-08-29 00:00:00</billtoexpdt>
 </row>
 <row>
  <billtocode>SRLV9</billtocode>
  <billtodesc>Pt/$:6nN(I4FJ</billtodesc>
  <billtoeffdt>2008-02-06 00:00:00</billtoeffdt>
  <billtoexpdt>2010-03-31 00:00:00</billtoexpdt>
 </row>
 <row>
  <billtocode>PMEDM</billtocode>
  <billtodesc>2a]&apos;Vt-r[Tv$Y</billtodesc>
  <billtoeffdt>2008-02-27 00:00:00</billtoeffdt>
  <billtoexpdt>2008-12-26 00:00:00</billtoexpdt>
 </row>
 <row>
  <billtocode>NYBFC</billtocode>
  <billtodesc>zY&gt;[LBoTx#[_R</billtodesc>
  <billtoeffdt>2008-02-05 00:00:00</billtoeffdt>
  <billtoexpdt>2009-11-19 00:00:00</billtoexpdt>
 </row>
 <row>
  <billtocode>CCALL</billtocode>
  <billtodesc>8(^j$;=xUUvAi</billtodesc>
  <billtoeffdt>2008-02-21 00:00:00</billtoeffdt>
  <billtoexpdt>2009-11-20 00:00:00</billtoexpdt>
 </row>
 <row>
  <billtocode>PCHUN</billtocode>
  <billtodesc>&quot;GYj?97*FL#&quot;&quot;`o&quot;</billtodesc>
  <billtoeffdt>2008-02-04 00:00:00</billtoeffdt>
  <billtoexpdt>2008-12-30 00:00:00</billtoexpdt>
 </row>
 <row>
  <billtocode>NBLCH</billtocode>
  <billtodesc>.#Uc.;mi&amp;]zRi</billtodesc>
  <billtoeffdt>2008-02-13 00:00:00</billtoeffdt>
  <billtoexpdt>2010-09-14 00:00:00</billtoexpdt>
 </row>
 <row>
  <billtocode>MCGLW</billtocode>
  <billtodesc>&quot;+8kwVbgX&quot;&quot;G9sb&quot;</billtodesc>
  <billtoeffdt>2008-02-10 00:00:00</billtoeffdt>
  <billtoexpdt>2010-06-01 00:00:00</billtoexpdt>
 </row>
 <row>
  <billtocode>FCCN</billtocode>
  <billtodesc>`lT78G07Qn_2K</billtodesc>
  <billtoeffdt>2008-02-07 00:00:00</billtoeffdt>
  <billtoexpdt>2008-07-08 00:00:00</billtoexpdt>
 </row>
 <row>
  <billtocode>AFIC</billtocode>
  <billtodesc>Z9dThsL:YQ4&gt;E</billtodesc>
  <billtoeffdt>2008-02-05 00:00:00</billtoeffdt>
  <billtoexpdt>2010-09-03 00:00:00</billtoexpdt>
 </row>
 <row>
  <billtocode>CPCOA6</billtocode>
  <billtodesc>&quot;KXyy0Iu%3&lt;k&quot;&quot;U&quot;</billtodesc>
  <billtoeffdt>2008-02-05 00:00:00</billtoeffdt>
  <billtoexpdt>2010-11-26 00:00:00</billtoexpdt>
 </row>
 <row>
  <billtocode>CACLE3</billtocode>
  <billtodesc>&quot;!&quot;&quot;+%gVdkQP&gt;_P&quot;</billtodesc>
  <billtoeffdt>2008-02-22 00:00:00</billtoeffdt>
  <billtoexpdt>2010-05-15 00:00:00</billtoexpdt>
 </row>
 <row>
  <billtocode>AMEWA1</billtocode>
  <billtodesc>&quot;;)[9E1$U\&quot;&quot;$\n&quot;</billtodesc>
  <billtoeffdt>2008-02-11 00:00:00</billtoeffdt>
  <billtoexpdt>2010-08-25 00:00:00</billtoexpdt>
 </row>
 <row>
  <billtocode>MSSBA3</billtocode>
  <billtodesc>1D6nZA1t?E&amp;%r</billtodesc>
  <billtoeffdt>2008-02-06 00:00:00</billtoeffdt>
  <billtoexpdt>2009-01-30 00:00:00</billtoexpdt>
 </row>
 <row>
  <billtocode>CHRAU9</billtocode>
  <billtodesc>&apos;3t/z:]J9UQGH</billtodesc>
  <billtoeffdt>2008-02-17 00:00:00</billtoeffdt>
  <billtoexpdt>2010-01-30 00:00:00</billtoexpdt>
 </row>
 <row>
  <billtocode>JSPR6</billtocode>
  <billtodesc>b+CdOVLGB-l8]</billtodesc>
  <billtoeffdt>2008-02-08 00:00:00</billtoeffdt>
  <billtoexpdt>2011-03-01 00:00:00</billtoexpdt>
 </row>
 <row>
  <billtocode>FAPC5</billtocode>
  <billtodesc>v7cWN90Mvg02F</billtodesc>
  <billtoeffdt>2008-02-20 00:00:00</billtoeffdt>
  <billtoexpdt>2010-10-06 00:00:00</billtoexpdt>
 </row>
 <row>
  <billtocode>CHRPO3</billtocode>
  <billtodesc>&quot;N&quot;&quot;8&apos;eq:Van2-8&quot;</billtodesc>
  <billtoeffdt>2008-02-27 00:00:00</billtoeffdt>
  <billtoexpdt>2011-09-17 00:00:00</billtoexpdt>
 </row>
 <row>
  <billtocode>GGGO</billtocode>
  <billtodesc>6g\wmrofK:wSd</billtodesc>
  <billtoeffdt>2008-02-08 00:00:00</billtoeffdt>
  <billtoexpdt>2008-05-12 00:00:00</billtoexpdt>
 </row>
 <row>
  <billtocode>PPGR</billtocode>
  <billtodesc>d4&amp;/*LS!#1&apos;rT</billtodesc>
  <billtoeffdt>2008-02-19 00:00:00</billtoeffdt>
  <billtoexpdt>2009-06-20 00:00:00</billtoexpdt>
 </row>
 <row>
  <billtocode>FFCB3</billtocode>
  <billtodesc>D&amp;^^r_0AUMic6</billtodesc>
  <billtoeffdt>2008-02-08 00:00:00</billtoeffdt>
  <billtoexpdt>2011-11-07 00:00:00</billtoexpdt>
 </row>
 <row>
  <billtocode>CJVSA</billtocode>
  <billtodesc>Yy7i[%XN6(zT;</billtodesc>
  <billtoeffdt>2008-02-18 00:00:00</billtoeffdt>
  <billtoexpdt>2009-06-02 00:00:00</billtoexpdt>
 </row>
 <row>
  <billtocode>AFTWI6</billtocode>
  <billtodesc>V0do=6n5h?Z9v</billtodesc>
  <billtoeffdt>2008-02-21 00:00:00</billtoeffdt>
  <billtoexpdt>2008-08-06 00:00:00</billtoexpdt>
 </row>
 <row>
  <billtocode>BCSLM5</billtocode>
  <billtodesc>LiV];;R%]foH^</billtodesc>
  <billtoeffdt>2008-02-18 00:00:00</billtoeffdt>
  <billtoexpdt>2008-05-07 00:00:00</billtoexpdt>
 </row>
 <row>
  <billtocode>ATPA5</billtocode>
  <billtodesc>a0+b0LU;*oX_?</billtodesc>
  <billtoeffdt>2008-02-02 00:00:00</billtoeffdt>
  <billtoexpdt>2008-04-10 00:00:00</billtoexpdt>
 </row>
 <row>
  <billtocode>HNTD6</billtocode>
  <billtodesc>_XKOwE0L]L?A%</billtodesc>
  <billtoeffdt>2008-02-13 00:00:00</billtoeffdt>
  <billtoexpdt>2010-03-03 00:00:00</billtoexpdt>
 </row>
 <row>
  <billtocode>TBFT6</billtocode>
  <billtodesc>rU^9MR4hg3)7;</billtodesc>
  <billtoeffdt>2008-02-02 00:00:00</billtoeffdt>
  <billtoexpdt>2010-07-06 00:00:00</billtoexpdt>
 </row>
 <row>
  <billtocode>CPPIT</billtocode>
  <billtodesc>^[Av!DadJa8ok</billtodesc>
  <billtoeffdt>2008-02-07 00:00:00</billtoeffdt>
  <billtoexpdt>2010-07-22 00:00:00</billtoexpdt>
 </row>
 <row>
  <billtocode>ACMP</billtocode>
  <billtodesc>M=h[&apos;FN&lt;w0zXK</billtodesc>
  <billtoeffdt>2008-02-07 00:00:00</billtoeffdt>
  <billtoexpdt>2011-12-23 00:00:00</billtoexpdt>
 </row>
 <row>
  <billtocode>MSBOM</billtocode>
  <billtodesc>f61nwZ4[u*J\w</billtodesc>
  <billtoeffdt>2008-02-12 00:00:00</billtoeffdt>
  <billtoexpdt>2011-02-08 00:00:00</billtoexpdt>
 </row>
 <row>
  <billtocode>APCWA5</billtocode>
  <billtodesc>&amp;eNoGDpJ9&lt;CU`</billtodesc>
  <billtoeffdt>2008-02-02 00:00:00</billtoeffdt>
  <billtoexpdt>2008-05-13 00:00:00</billtoexpdt>
 </row>
 <row>
  <billtocode>FCPIL6</billtocode>
  <billtodesc>%IbYn1^wjvy-N</billtodesc>
  <billtoeffdt>2008-02-10 00:00:00</billtoeffdt>
  <billtoexpdt>2009-01-20 00:00:00</billtoexpdt>
 </row>
 <row>
  <billtocode>SKFRE</billtocode>
  <billtodesc>^DZgx@IVhkn@2</billtodesc>
  <billtoeffdt>2008-02-08 00:00:00</billtoeffdt>
  <billtoexpdt>2011-08-03 00:00:00</billtoexpdt>
 </row>
 <row>
  <billtocode>HEDEN</billtocode>
  <billtodesc>&quot;rjZJEOG&quot;&quot;k9w.t&quot;</billtodesc>
  <billtoeffdt>2008-02-14 00:00:00</billtoeffdt>
  <billtoexpdt>2008-02-21 00:00:00</billtoexpdt>
 </row>
 <row>
  <billtocode>PEWMO6</billtocode>
  <billtodesc>*NK$XN#B8d0a-</billtodesc>
  <billtoeffdt>2008-02-22 00:00:00</billtoeffdt>
  <billtoexpdt>2011-11-28 00:00:00</billtoexpdt>
 </row>
 <row>
  <billtocode>CHCOL3</billtocode>
  <billtodesc>fzz#c2-;jb/TH</billtodesc>
  <billtoeffdt>2008-02-06 00:00:00</billtoeffdt>
  <billtoexpdt>2008-05-20 00:00:00</billtoexpdt>
 </row>
 <row>
  <billtocode>PDEU</billtocode>
  <billtodesc>OnS+hMGK!YqpG</billtodesc>
  <billtoeffdt>2008-02-06 00:00:00</billtoeffdt>
  <billtoexpdt>2010-10-03 00:00:00</billtoexpdt>
 </row>
 <row>
  <billtocode>URMTN5</billtocode>
  <billtodesc>F64LS-]IH@&gt;h6</billtodesc>
  <billtoeffdt>2008-02-07 00:00:00</billtoeffdt>
  <billtoexpdt>2010-07-10 00:00:00</billtoexpdt>
 </row>
 <row>
  <billtocode>ABMOK</billtocode>
  <billtodesc>+B]0OMBdi8q0&lt;</billtodesc>
  <billtoeffdt>2008-02-17 00:00:00</billtoeffdt>
  <billtoexpdt>2008-07-04 00:00:00</billtoexpdt>
 </row>
 <row>
  <billtocode>SNTX5</billtocode>
  <billtodesc>MO[hL)Lp(Nwi2</billtodesc>
  <billtoeffdt>2008-02-11 00:00:00</billtoeffdt>
  <billtoexpdt>2009-03-06 00:00:00</billtoexpdt>
 </row>
 <row>
  <billtocode>XPEOH5</billtocode>
  <billtodesc>yb\c2k2H%u(rt</billtodesc>
  <billtoeffdt>2008-02-11 00:00:00</billtoeffdt>
  <billtoexpdt>2010-01-04 00:00:00</billtoexpdt>
 </row>
 <row>
  <billtocode>TQNL</billtocode>
  <billtodesc>&quot;g&quot;&quot;eP+iU*jp7%&lt;&quot;</billtodesc>
  <billtoeffdt>2008-02-03 00:00:00</billtoeffdt>
  <billtoexpdt>2010-03-05 00:00:00</billtoexpdt>
 </row>
 <row>
  <billtocode>DPPAL</billtocode>
  <billtodesc>prJF(HG_TJ_95</billtodesc>
  <billtoeffdt>2008-02-12 00:00:00</billtoeffdt>
  <billtoexpdt>2008-12-20 00:00:00</billtoexpdt>
 </row>
 <row>
  <billtocode>BGLO5</billtocode>
  <billtodesc>WPiu.ERQIMMJw</billtodesc>
  <billtoeffdt>2008-02-05 00:00:00</billtoeffdt>
  <billtoexpdt>2008-12-29 00:00:00</billtoexpdt>
 </row>
 <row>
  <billtocode>FFCM5</billtocode>
  <billtodesc>#7@@)`7@Z&apos;&lt;%b</billtodesc>
  <billtoeffdt>2008-02-07 00:00:00</billtoeffdt>
  <billtoexpdt>2010-07-15 00:00:00</billtoexpdt>
 </row>
 <row>
  <billtocode>FBMA</billtocode>
  <billtodesc>&quot;I_H&apos;FLv&lt;Q&quot;&quot;[m]&quot;</billtodesc>
  <billtoeffdt>2008-02-16 00:00:00</billtoeffdt>
  <billtoexpdt>2011-01-02 00:00:00</billtoexpdt>
 </row>
 <row>
  <billtocode>DMPLY</billtocode>
  <billtodesc>o*]:?55g^h.yh</billtodesc>
  <billtoeffdt>2008-02-25 00:00:00</billtoeffdt>
  <billtoexpdt>2008-11-17 00:00:00</billtoexpdt>
 </row>
 <row>
  <billtocode>GPASH</billtocode>
  <billtodesc>O(:(j&lt;Nc3=!`O</billtodesc>
  <billtoeffdt>2008-02-16 00:00:00</billtoeffdt>
  <billtoexpdt>2008-05-30 00:00:00</billtoexpdt>
 </row>
 <row>
  <billtocode>BABEM3</billtocode>
  <billtodesc>x4J:Wt3l-HvDN</billtodesc>
  <billtoeffdt>2008-02-20 00:00:00</billtoeffdt>
  <billtoexpdt>2011-11-30 00:00:00</billtoexpdt>
 </row>
 <row>
  <billtocode>SKCY</billtocode>
  <billtodesc>&quot;yvZ&lt;r&quot;&quot;^4u*Veo&quot;</billtodesc>
  <billtoeffdt>2008-02-13 00:00:00</billtoeffdt>
  <billtoexpdt>2010-06-23 00:00:00</billtoexpdt>
 </row>
 <row>
  <billtocode>PCNC2</billtocode>
  <billtodesc>p8HMW&apos;nG*LVv\</billtodesc>
  <billtoeffdt>2008-02-09 00:00:00</billtoeffdt>
  <billtoexpdt>2008-06-11 00:00:00</billtoexpdt>
 </row>
 <row>
  <billtocode>PPGI7</billtocode>
  <billtodesc>?Fh0`ri[/-yFY</billtodesc>
  <billtoeffdt>2008-02-20 00:00:00</billtoeffdt>
  <billtoexpdt>2010-05-27 00:00:00</billtoexpdt>
 </row>
 <row>
  <billtocode>GLCOH5</billtocode>
  <billtodesc>^0ipkT&apos;LJqw*/</billtodesc>
  <billtoeffdt>2008-02-14 00:00:00</billtoeffdt>
  <billtoexpdt>2009-07-16 00:00:00</billtoexpdt>
 </row>
 <row>
  <billtocode>HCVW</billtocode>
  <billtodesc>vD:&amp;vSk02c9/R</billtodesc>
  <billtoeffdt>2008-02-18 00:00:00</billtoeffdt>
  <billtoexpdt>2008-05-23 00:00:00</billtoexpdt>
 </row>
 <row>
  <billtocode>HVR6</billtocode>
  <billtodesc>#lM#JELM=e:T7</billtodesc>
  <billtoeffdt>2008-02-09 00:00:00</billtoeffdt>
  <billtoexpdt>2008-08-05 00:00:00</billtoexpdt>
 </row>
 <row>
  <billtocode>TVBG6</billtocode>
  <billtodesc>aenT8/;&amp;?FB5j</billtodesc>
  <billtoeffdt>2008-02-08 00:00:00</billtoeffdt>
  <billtoexpdt>2009-04-10 00:00:00</billtoexpdt>
 </row>
 <row>
  <billtocode>XCHEP3</billtocode>
  <billtodesc>_meSY!$1aIH@#</billtodesc>
  <billtoeffdt>2008-02-16 00:00:00</billtoeffdt>
  <billtoexpdt>2011-02-19 00:00:00</billtoexpdt>
 </row>
 <row>
  <billtocode>MWECL</billtocode>
  <billtodesc>iG&amp;a3%^M&amp;0\YR</billtodesc>
  <billtoeffdt>2008-02-04 00:00:00</billtoeffdt>
  <billtoexpdt>2009-06-01 00:00:00</billtoexpdt>
 </row>
 <row>
  <billtocode>CIWOH6</billtocode>
  <billtodesc>(]KYEOZ`ffnN;</billtodesc>
  <billtoeffdt>2008-02-06 00:00:00</billtoeffdt>
  <billtoexpdt>2008-02-13 00:00:00</billtoexpdt>
 </row>
 <row>
  <billtocode>JLCO9</billtocode>
  <billtodesc>`_xh2cDFt.[:r</billtodesc>
  <billtoeffdt>2008-02-15 00:00:00</billtoeffdt>
  <billtoexpdt>2008-03-22 00:00:00</billtoexpdt>
 </row>
 <row>
  <billtocode>WBCH5</billtocode>
  <billtodesc>&quot;G%ctYS-G`&quot;&quot;S&apos;W&quot;</billtodesc>
  <billtoeffdt>2008-02-27 00:00:00</billtoeffdt>
  <billtoexpdt>2010-02-19 00:00:00</billtoexpdt>
 </row>
 <row>
  <billtocode>JFFP</billtocode>
  <billtodesc>;\6obIf&amp;7_z]q</billtodesc>
  <billtoeffdt>2008-02-20 00:00:00</billtoeffdt>
  <billtoexpdt>2011-01-08 00:00:00</billtoexpdt>
 </row>
 <row>
  <billtocode>XPLCO</billtocode>
  <billtodesc>lnJ/!&gt;to\^g[R</billtodesc>
  <billtoeffdt>2008-02-24 00:00:00</billtoeffdt>
  <billtoexpdt>2008-10-28 00:00:00</billtoexpdt>
 </row>
 <row>
  <billtocode>BBSO3</billtocode>
  <billtodesc>9Uv^gWBnmcqn=</billtodesc>
  <billtoeffdt>2008-02-14 00:00:00</billtoeffdt>
  <billtoexpdt>2011-01-13 00:00:00</billtoexpdt>
 </row>
 <row>
  <billtocode>XMFSP</billtocode>
  <billtodesc>hZsy.S88Ml9Xz</billtodesc>
  <billtoeffdt>2008-02-21 00:00:00</billtoeffdt>
  <billtoexpdt>2008-06-01 00:00:00</billtoexpdt>
 </row>
 <row>
  <billtocode>BFRMI</billtocode>
  <billtodesc>ttq5/\=&gt;r`&apos;kq</billtodesc>
  <billtoeffdt>2008-02-27 00:00:00</billtoeffdt>
  <billtoexpdt>2011-05-30 00:00:00</billtoexpdt>
 </row>
 <row>
  <billtocode>CFHR1</billtocode>
  <billtodesc>cJLL5eum)E[_J</billtodesc>
  <billtoeffdt>2008-02-19 00:00:00</billtoeffdt>
  <billtoexpdt>2009-09-06 00:00:00</billtoexpdt>
 </row>
 <row>
  <billtocode>AWSAE</billtocode>
  <billtodesc>3Xm&apos;3JCZi*&amp;sz</billtodesc>
  <billtoeffdt>2008-02-04 00:00:00</billtoeffdt>
  <billtoexpdt>2011-08-23 00:00:00</billtoexpdt>
 </row>
 <row>
  <billtocode>RTFWI</billtocode>
  <billtodesc>PH-BAeS.HZHoa</billtodesc>
  <billtoeffdt>2008-02-18 00:00:00</billtoeffdt>
  <billtoexpdt>2009-01-04 00:00:00</billtoexpdt>
 </row>
 <row>
  <billtocode>VSAMA</billtocode>
  <billtodesc>rA=Mjr^QeOmTU</billtodesc>
  <billtoeffdt>2008-02-14 00:00:00</billtoeffdt>
  <billtoexpdt>2010-10-09 00:00:00</billtoexpdt>
 </row>
 <row>
  <billtocode>CCMS3</billtocode>
  <billtodesc>#AO^woDU(&apos;d&gt;1</billtodesc>
  <billtoeffdt>2008-02-05 00:00:00</billtoeffdt>
  <billtoexpdt>2009-05-07 00:00:00</billtoexpdt>
 </row>
 <row>
  <billtocode>DDDEA3</billtocode>
  <billtodesc>oL$(mt!buT03&apos;</billtodesc>
  <billtoeffdt>2008-02-11 00:00:00</billtoeffdt>
  <billtoexpdt>2009-11-04 00:00:00</billtoexpdt>
 </row>
 <row>
  <billtocode>SFFE5</billtocode>
  <billtodesc>[^%FIU(@_i)?&gt;</billtodesc>
  <billtoeffdt>2008-02-07 00:00:00</billtoeffdt>
  <billtoexpdt>2009-02-28 00:00:00</billtoexpdt>
 </row>
 <row>
  <billtocode>SRCLI</billtocode>
  <billtodesc>R);VD@V&lt;y4;dG</billtodesc>
  <billtoeffdt>2008-02-19 00:00:00</billtoeffdt>
  <billtoexpdt>2009-08-23 00:00:00</billtoexpdt>
 </row>
 <row>
  <billtocode>HCUSL5</billtocode>
  <billtodesc>9N9QRNZ#MS&gt;+9</billtodesc>
  <billtoeffdt>2008-02-06 00:00:00</billtoeffdt>
  <billtoexpdt>2011-11-15 00:00:00</billtoexpdt>
 </row>
 <row>
  <billtocode>20PSI6</billtocode>
  <billtodesc>V5GNm_b^m[MpH</billtodesc>
  <billtoeffdt>2008-02-15 00:00:00</billtoeffdt>
  <billtoexpdt>2011-05-28 00:00:00</billtoexpdt>
 </row>
 <row>
  <billtocode>CSJTX6</billtocode>
  <billtodesc>&quot;]&quot;&quot;CXpeMca]k_d&quot;</billtodesc>
  <billtoeffdt>2008-02-24 00:00:00</billtoeffdt>
  <billtoexpdt>2010-02-13 00:00:00</billtoexpdt>
 </row>
 <row>
  <billtocode>SSTZC7</billtocode>
  <billtodesc>&quot;%^Zfa&quot;&quot;UgalePF&quot;</billtodesc>
  <billtoeffdt>2008-02-07 00:00:00</billtoeffdt>
  <billtoexpdt>2008-02-23 00:00:00</billtoexpdt>
 </row>
 <row>
  <billtocode>90746</billtocode>
  <billtodesc>#^5\7^oC25xvW</billtodesc>
  <billtoeffdt>2008-02-24 00:00:00</billtoeffdt>
  <billtoexpdt>2008-12-12 00:00:00</billtoexpdt>
 </row>
 <row>
  <billtocode>TWCO</billtocode>
  <billtodesc>^&amp;&lt;ux0+g\`hC&apos;</billtodesc>
  <billtoeffdt>2008-02-12 00:00:00</billtoeffdt>
  <billtoexpdt>2011-11-17 00:00:00</billtoexpdt>
 </row>
 <row>
  <billtocode>TFACO6</billtocode>
  <billtodesc>jZXp;gXbwz$fW</billtodesc>
  <billtoeffdt>2008-02-16 00:00:00</billtoeffdt>
  <billtoexpdt>2009-04-25 00:00:00</billtoexpdt>
 </row>
 <row>
  <billtocode>FECO5</billtocode>
  <billtodesc>&quot;AVjZAJx&quot;&quot;HA&apos;Xg&quot;</billtodesc>
  <billtoeffdt>2008-02-22 00:00:00</billtoeffdt>
  <billtoexpdt>2010-07-22 00:00:00</billtoexpdt>
 </row>
 <row>
  <billtocode>TRFLA</billtocode>
  <billtodesc>72tNh:&gt;C*/1Y7</billtodesc>
  <billtoeffdt>2008-02-02 00:00:00</billtoeffdt>
  <billtoexpdt>2008-03-25 00:00:00</billtoexpdt>
 </row>
 <row>
  <billtocode>MLICH5</billtocode>
  <billtodesc>&quot;k&quot;&quot;TgMx.71lM1A&quot;</billtodesc>
  <billtoeffdt>2008-02-18 00:00:00</billtoeffdt>
  <billtoexpdt>2009-02-27 00:00:00</billtoexpdt>
 </row>
 <row>
  <billtocode>CENNJ</billtocode>
  <billtodesc>aYQl^0?eXN)`w</billtodesc>
  <billtoeffdt>2008-02-20 00:00:00</billtoeffdt>
  <billtoexpdt>2011-06-21 00:00:00</billtoexpdt>
 </row>
 <row>
  <billtocode>SECN6</billtocode>
  <billtodesc>p_*xMW)H9vl^3</billtodesc>
  <billtoeffdt>2008-02-09 00:00:00</billtoeffdt>
  <billtoexpdt>2008-04-27 00:00:00</billtoexpdt>
 </row>
 <row>
  <billtocode>GHSL9</billtocode>
  <billtodesc>7wK#\N!D)I$Cc</billtodesc>
  <billtoeffdt>2008-02-04 00:00:00</billtoeffdt>
  <billtoexpdt>2009-11-07 00:00:00</billtoexpdt>
 </row>
 <row>
  <billtocode>LMHOU5</billtocode>
  <billtodesc>cL-%-MndIxL^j</billtodesc>
  <billtoeffdt>2008-02-15 00:00:00</billtoeffdt>
  <billtoexpdt>2009-05-05 00:00:00</billtoexpdt>
 </row>
 <row>
  <billtocode>AFMC</billtocode>
  <billtodesc>@&gt;_K)ZT:Oxg2L</billtodesc>
  <billtoeffdt>2008-02-24 00:00:00</billtoeffdt>
  <billtoexpdt>2010-07-21 00:00:00</billtoexpdt>
 </row>
 <row>
  <billtocode>TLCPA</billtocode>
  <billtodesc>&quot;JC\-d)zHB&quot;&quot;rz\&quot;</billtodesc>
  <billtoeffdt>2008-02-10 00:00:00</billtoeffdt>
  <billtoexpdt>2010-01-05 00:00:00</billtoexpdt>
 </row>
 <row>
  <billtocode>WFWIN</billtocode>
  <billtodesc>w=@8&lt;[_JY.spI</billtodesc>
  <billtoeffdt>2008-02-18 00:00:00</billtoeffdt>
  <billtoexpdt>2010-02-10 00:00:00</billtoexpdt>
 </row>
 <row>
  <billtocode>ASFC5</billtocode>
  <billtodesc>ie2C:[A%MdQD.</billtodesc>
  <billtoeffdt>2008-02-08 00:00:00</billtoeffdt>
  <billtoexpdt>2010-02-01 00:00:00</billtoexpdt>
 </row>
 <row>
  <billtocode>TSCSL</billtocode>
  <billtodesc>#2JI.&gt;IE5f@B9</billtodesc>
  <billtoeffdt>2008-02-12 00:00:00</billtoeffdt>
  <billtoexpdt>2008-08-02 00:00:00</billtoexpdt>
 </row>
 <row>
  <billtocode>ATCOPR</billtocode>
  <billtodesc>je#r0&lt;NGh;a9F</billtodesc>
  <billtoeffdt>2008-02-08 00:00:00</billtoeffdt>
  <billtoexpdt>2008-10-09 00:00:00</billtoexpdt>
 </row>
 <row>
  <billtocode>IFRO7</billtocode>
  <billtodesc>M:ew&amp;F@XgCo7g</billtodesc>
  <billtoeffdt>2008-02-13 00:00:00</billtoeffdt>
  <billtoexpdt>2009-04-18 00:00:00</billtoexpdt>
 </row>
 <row>
  <billtocode>SFYA</billtocode>
  <billtodesc>aR[zBUf8egzC.</billtodesc>
  <billtoeffdt>2008-02-04 00:00:00</billtoeffdt>
  <billtoexpdt>2009-07-27 00:00:00</billtoexpdt>
 </row>
 <row>
  <billtocode>KFOHI</billtocode>
  <billtodesc>pd&apos;vem&gt;5Q#M&apos;]</billtodesc>
  <billtoeffdt>2008-02-10 00:00:00</billtoeffdt>
  <billtoexpdt>2010-07-04 00:00:00</billtoexpdt>
 </row>
 <row>
  <billtocode>SFSFB3</billtocode>
  <billtodesc>@Go8Q8=`l1U35</billtodesc>
  <billtoeffdt>2008-02-08 00:00:00</billtoeffdt>
  <billtoexpdt>2009-06-12 00:00:00</billtoexpdt>
 </row>
 <row>
  <billtocode>WPIW</billtocode>
  <billtodesc>KLj$BoZ7xBUW[</billtodesc>
  <billtoeffdt>2008-02-15 00:00:00</billtoeffdt>
  <billtoexpdt>2008-10-22 00:00:00</billtoexpdt>
 </row>
 <row>
  <billtocode>HFNY6</billtocode>
  <billtodesc>&gt;&lt;Q!\y=CbzAgS</billtodesc>
  <billtoeffdt>2008-02-16 00:00:00</billtoeffdt>
  <billtoexpdt>2010-02-02 00:00:00</billtoexpdt>
 </row>
 <row>
  <billtocode>BNSP6</billtocode>
  <billtodesc>#\-w;jqdBF?3%</billtodesc>
  <billtoeffdt>2008-02-25 00:00:00</billtoeffdt>
  <billtoexpdt>2011-04-23 00:00:00</billtoexpdt>
 </row>
 <row>
  <billtocode>GBFFL3</billtocode>
  <billtodesc>D`^=^uOS_1g+D</billtodesc>
  <billtoeffdt>2008-02-03 00:00:00</billtoeffdt>
  <billtoexpdt>2008-03-31 00:00:00</billtoexpdt>
 </row>
 <row>
  <billtocode>GFTE9</billtocode>
  <billtodesc>HVcRj[yw^&gt;w&amp;U</billtodesc>
  <billtoeffdt>2008-02-24 00:00:00</billtoeffdt>
  <billtoexpdt>2009-04-27 00:00:00</billtoexpdt>
 </row>
 <row>
  <billtocode>MILLM6</billtocode>
  <billtodesc>9Dh%iL0idW@f`</billtodesc>
  <billtoeffdt>2008-02-12 00:00:00</billtoeffdt>
  <billtoexpdt>2008-06-24 00:00:00</billtoexpdt>
 </row>
 <row>
  <billtocode>POMBA</billtocode>
  <billtodesc>&apos;j%&lt;l?Tx&apos;+;)3</billtodesc>
  <billtoeffdt>2008-02-05 00:00:00</billtoeffdt>
  <billtoexpdt>2011-08-20 00:00:00</billtoexpdt>
 </row>
 <row>
  <billtocode>SETRA6</billtocode>
  <billtodesc>l=^X2&amp;aQ*PR/6</billtodesc>
  <billtoeffdt>2008-02-18 00:00:00</billtoeffdt>
  <billtoexpdt>2010-10-10 00:00:00</billtoexpdt>
 </row>
 <row>
  <billtocode>ISASE</billtocode>
  <billtodesc>)F[]gs/S&amp;/AS)</billtodesc>
  <billtoeffdt>2008-02-07 00:00:00</billtoeffdt>
  <billtoexpdt>2011-07-29 00:00:00</billtoexpdt>
 </row>
 <row>
  <billtocode>SPCK6</billtocode>
  <billtodesc>+E*_(EUCh2KS\</billtodesc>
  <billtoeffdt>2008-02-04 00:00:00</billtoeffdt>
  <billtoexpdt>2010-12-07 00:00:00</billtoexpdt>
 </row>
 <row>
  <billtocode>TBFDO</billtocode>
  <billtodesc>Q&gt;qDc9P-P$a&lt;2</billtodesc>
  <billtoeffdt>2008-02-23 00:00:00</billtoeffdt>
  <billtoexpdt>2009-01-27 00:00:00</billtoexpdt>
 </row>
 <row>
  <billtocode>GLSL6</billtocode>
  <billtodesc>cxR)byUK#0.h#</billtodesc>
  <billtoeffdt>2008-02-24 00:00:00</billtoeffdt>
  <billtoexpdt>2010-08-22 00:00:00</billtoexpdt>
 </row>
 <row>
  <billtocode>THSP</billtocode>
  <billtodesc>0(44fWa.WeKz;</billtodesc>
  <billtoeffdt>2008-02-09 00:00:00</billtoeffdt>
  <billtoexpdt>2009-02-12 00:00:00</billtoexpdt>
 </row>
 <row>
  <billtocode>8ASKEA</billtocode>
  <billtodesc>7d.C\T`lvJc2!</billtodesc>
  <billtoeffdt>2008-02-12 00:00:00</billtoeffdt>
  <billtoexpdt>2008-06-22 00:00:00</billtoexpdt>
 </row>
 <row>
  <billtocode>MMIP5</billtocode>
  <billtodesc>hH&amp;jyBLTUq!l0</billtodesc>
  <billtoeffdt>2008-02-19 00:00:00</billtoeffdt>
  <billtoexpdt>2009-08-14 00:00:00</billtoexpdt>
 </row>
 <row>
  <billtocode>LFKY5</billtocode>
  <billtodesc>h#8\`iIbOHE6*</billtodesc>
  <billtoeffdt>2008-02-23 00:00:00</billtoeffdt>
  <billtoexpdt>2008-07-05 00:00:00</billtoexpdt>
 </row>
 <row>
  <billtocode>EFTE</billtocode>
  <billtodesc>1iCs@j&lt;\Qma0&apos;</billtodesc>
  <billtoeffdt>2008-02-15 00:00:00</billtoeffdt>
  <billtoexpdt>2011-07-17 00:00:00</billtoexpdt>
 </row>
 <row>
  <billtocode>99403</billtocode>
  <billtodesc>%$Jx9mtd*[y;I</billtodesc>
  <billtoeffdt>2008-02-15 00:00:00</billtoeffdt>
  <billtoexpdt>2010-09-07 00:00:00</billtoexpdt>
 </row>
 <row>
  <billtocode>PCSAD</billtocode>
  <billtodesc>L1nzgvvX7rX$.</billtodesc>
  <billtoeffdt>2008-02-08 00:00:00</billtoeffdt>
  <billtoexpdt>2010-07-17 00:00:00</billtoexpdt>
 </row>
 <row>
  <billtocode>FFNOR</billtocode>
  <billtodesc>*x4czeT:+gE@Q</billtodesc>
  <billtoeffdt>2008-02-22 00:00:00</billtoeffdt>
  <billtoexpdt>2011-09-10 00:00:00</billtoexpdt>
 </row>
 <row>
  <billtocode>HBFFP</billtocode>
  <billtodesc>%o3blf[(aj(\8</billtodesc>
  <billtoeffdt>2008-02-27 00:00:00</billtoeffdt>
  <billtoexpdt>2009-03-18 00:00:00</billtoexpdt>
 </row>
 <row>
  <billtocode>RPMT5</billtocode>
  <billtodesc>D&lt;urdTj0A;Ke;</billtodesc>
  <billtoeffdt>2008-02-17 00:00:00</billtoeffdt>
  <billtoexpdt>2010-09-26 00:00:00</billtoexpdt>
 </row>
 <row>
  <billtocode>LHLC5</billtocode>
  <billtodesc>a.RMMkrT\X8HC</billtodesc>
  <billtoeffdt>2008-02-22 00:00:00</billtoeffdt>
  <billtoexpdt>2009-11-24 00:00:00</billtoexpdt>
 </row>
 <row>
  <billtocode>TRUTF</billtocode>
  <billtodesc>;jhRi%M\-3nYK</billtodesc>
  <billtoeffdt>2008-02-17 00:00:00</billtoeffdt>
  <billtoexpdt>2009-06-12 00:00:00</billtoexpdt>
 </row>
 <row>
  <billtocode>HRCO</billtocode>
  <billtodesc>:@O05;:`:=8&amp;+</billtodesc>
  <billtoeffdt>2008-02-20 00:00:00</billtoeffdt>
  <billtoexpdt>2010-08-24 00:00:00</billtoexpdt>
 </row>
 <row>
  <billtocode>MMMEX</billtocode>
  <billtodesc>&quot;&quot;&quot;p4UX`:QfsrNI&quot;</billtodesc>
  <billtoeffdt>2008-02-02 00:00:00</billtoeffdt>
  <billtoexpdt>2009-01-23 00:00:00</billtoexpdt>
 </row>
 <row>
  <billtocode>QTI3</billtocode>
  <billtodesc>Ag5P7l@vOa$#?</billtodesc>
  <billtoeffdt>2008-02-27 00:00:00</billtoeffdt>
  <billtoexpdt>2009-07-10 00:00:00</billtoexpdt>
 </row>
 <row>
  <billtocode>EBNL</billtocode>
  <billtodesc>KQNMUL9/\Fczm</billtodesc>
  <billtoeffdt>2008-02-15 00:00:00</billtoeffdt>
  <billtoexpdt>2008-09-25 00:00:00</billtoexpdt>
 </row>
 <row>
  <billtocode>LKPC6</billtocode>
  <billtodesc>j?f0da4zGLLc&lt;</billtodesc>
  <billtoeffdt>2008-02-23 00:00:00</billtoeffdt>
  <billtoexpdt>2008-10-15 00:00:00</billtoexpdt>
 </row>
 <row>
  <billtocode>MBGLE</billtocode>
  <billtodesc>mulucC3yf/ZC(</billtodesc>
  <billtoeffdt>2008-02-14 00:00:00</billtoeffdt>
  <billtoexpdt>2008-10-04 00:00:00</billtoexpdt>
 </row>
 <row>
  <billtocode>FUEIN</billtocode>
  <billtodesc>c3B#6pf5R]%&apos;3</billtodesc>
  <billtoeffdt>2008-02-19 00:00:00</billtoeffdt>
  <billtoexpdt>2010-07-23 00:00:00</billtoexpdt>
 </row>
 <row>
  <billtocode>ELON</billtocode>
  <billtodesc>ROs3@Ch6_Ef1@</billtodesc>
  <billtoeffdt>2008-02-19 00:00:00</billtoeffdt>
  <billtoexpdt>2010-04-07 00:00:00</billtoexpdt>
 </row>
 <row>
  <billtocode>TTFR</billtocode>
  <billtodesc>H5!/hIvW7.lME</billtodesc>
  <billtoeffdt>2008-02-08 00:00:00</billtoeffdt>
  <billtoexpdt>2011-08-05 00:00:00</billtoexpdt>
 </row>
 <row>
  <billtocode>CFHOUS</billtocode>
  <billtodesc>f@L)NW4p*)2:[</billtodesc>
  <billtoeffdt>2008-02-12 00:00:00</billtoeffdt>
  <billtoexpdt>2008-04-10 00:00:00</billtoexpdt>
 </row>
 <row>
  <billtocode>DIP5</billtocode>
  <billtodesc>:+K]K+Z&lt;;3wUz</billtodesc>
  <billtoeffdt>2008-02-21 00:00:00</billtoeffdt>
  <billtoexpdt>2011-08-25 00:00:00</billtoexpdt>
 </row>
 <row>
  <billtocode>NDCO5</billtocode>
  <billtodesc>&apos;]UBz6r&gt;%dVms</billtodesc>
  <billtoeffdt>2008-02-26 00:00:00</billtoeffdt>
  <billtoexpdt>2011-08-27 00:00:00</billtoexpdt>
 </row>
 <row>
  <billtocode>TPMON</billtocode>
  <billtodesc>+8$Wa@hdpIs-+</billtodesc>
  <billtoeffdt>2008-02-08 00:00:00</billtoeffdt>
  <billtoexpdt>2011-10-21 00:00:00</billtoexpdt>
 </row>
 <row>
  <billtocode>HTIN</billtocode>
  <billtodesc>&quot;I&apos;^ts&quot;&quot;.A-R@nA&quot;</billtodesc>
  <billtoeffdt>2008-02-22 00:00:00</billtoeffdt>
  <billtoexpdt>2008-06-04 00:00:00</billtoexpdt>
 </row>
 <row>
  <billtocode>ITIGA</billtocode>
  <billtodesc>l8uC&gt;swS34n1`</billtodesc>
  <billtoeffdt>2008-02-06 00:00:00</billtoeffdt>
  <billtoexpdt>2008-09-19 00:00:00</billtoexpdt>
 </row>
 <row>
  <billtocode>RFOWE3</billtocode>
  <billtodesc>Oe$I61eg0:^I!</billtodesc>
  <billtoeffdt>2008-02-18 00:00:00</billtoeffdt>
  <billtoexpdt>2011-05-29 00:00:00</billtoexpdt>
 </row>
 <row>
  <billtocode>BSMTC1</billtocode>
  <billtodesc>&quot;[G&quot;&quot;(=$9$W2d5s&quot;</billtodesc>
  <billtoeffdt>2008-02-02 00:00:00</billtoeffdt>
  <billtoexpdt>2010-11-15 00:00:00</billtoexpdt>
 </row>
 <row>
  <billtocode>8KELBA</billtocode>
  <billtodesc>T6&lt;H\]!v^EmN\</billtodesc>
  <billtoeffdt>2008-02-20 00:00:00</billtoeffdt>
  <billtoexpdt>2010-03-09 00:00:00</billtoexpdt>
 </row>
 <row>
  <billtocode>PDNC5</billtocode>
  <billtodesc>/0Fr7n!XTq+Iv</billtodesc>
  <billtoeffdt>2008-02-22 00:00:00</billtoeffdt>
  <billtoexpdt>2008-11-23 00:00:00</billtoexpdt>
 </row>
 <row>
  <billtocode>GTSMO6</billtocode>
  <billtodesc>^sUP65[i=mdHd</billtodesc>
  <billtoeffdt>2008-02-11 00:00:00</billtoeffdt>
  <billtoexpdt>2008-09-16 00:00:00</billtoexpdt>
 </row>
 <row>
  <billtocode>CCNK6</billtocode>
  <billtodesc>XUl6).*qy?Pi2</billtodesc>
  <billtoeffdt>2008-02-09 00:00:00</billtoeffdt>
  <billtoexpdt>2009-10-27 00:00:00</billtoexpdt>
 </row>
 <row>
  <billtocode>FBSA</billtocode>
  <billtodesc>_+&apos;3E--RbSM.!</billtodesc>
  <billtoeffdt>2008-02-02 00:00:00</billtoeffdt>
  <billtoexpdt>2009-02-02 00:00:00</billtoexpdt>
 </row>
 <row>
  <billtocode>SVNJ5D</billtocode>
  <billtodesc>kD`:09U!RNn#$</billtodesc>
  <billtoeffdt>2008-02-22 00:00:00</billtoeffdt>
  <billtoexpdt>2011-08-15 00:00:00</billtoexpdt>
 </row>
 <row>
  <billtocode>BTAMA7</billtocode>
  <billtodesc>&amp;X]RVE4lo%dP?</billtodesc>
  <billtoeffdt>2008-02-05 00:00:00</billtoeffdt>
  <billtoexpdt>2011-02-07 00:00:00</billtoexpdt>
 </row>
 <row>
  <billtocode>HFLOM5</billtocode>
  <billtodesc>N6&amp;XnfkxDy5M_</billtodesc>
  <billtoeffdt>2008-02-27 00:00:00</billtoeffdt>
  <billtoexpdt>2011-09-03 00:00:00</billtoexpdt>
 </row>
 <row>
  <billtocode>TFLLC</billtocode>
  <billtodesc>sToc#V*%s;=w-</billtodesc>
  <billtoeffdt>2008-02-25 00:00:00</billtoeffdt>
  <billtoexpdt>2010-08-03 00:00:00</billtoexpdt>
 </row>
 <row>
  <billtocode>SPCWI6</billtocode>
  <billtodesc>Dk/?4qK9v;S.Q</billtodesc>
  <billtoeffdt>2008-02-03 00:00:00</billtoeffdt>
  <billtoexpdt>2011-07-19 00:00:00</billtoexpdt>
 </row>
 <row>
  <billtocode>MICI</billtocode>
  <billtodesc>B2\/lq9I/t-Sw</billtodesc>
  <billtoeffdt>2008-02-17 00:00:00</billtoeffdt>
  <billtoexpdt>2010-05-23 00:00:00</billtoexpdt>
 </row>
 <row>
  <billtocode>MITX6</billtocode>
  <billtodesc>S(&amp;bC2\&apos;fgPPL</billtodesc>
  <billtoeffdt>2008-02-20 00:00:00</billtoeffdt>
  <billtoexpdt>2008-06-28 00:00:00</billtoexpdt>
 </row>
 <row>
  <billtocode>PCSIS</billtocode>
  <billtodesc>&quot;G.fhg&quot;&quot;TJpjHP.&quot;</billtodesc>
  <billtoeffdt>2008-02-16 00:00:00</billtoeffdt>
  <billtoexpdt>2010-05-30 00:00:00</billtoexpdt>
 </row>
 <row>
  <billtocode>HCNOT</billtocode>
  <billtodesc>wP/q.tDeNIm+b</billtodesc>
  <billtoeffdt>2008-02-23 00:00:00</billtoeffdt>
  <billtoexpdt>2009-02-20 00:00:00</billtoexpdt>
 </row>
 <row>
  <billtocode>NPFCCA</billtocode>
  <billtodesc>Yc4BafTfH8;ES</billtodesc>
  <billtoeffdt>2008-02-04 00:00:00</billtoeffdt>
  <billtoexpdt>2011-02-02 00:00:00</billtoexpdt>
 </row>
 <row>
  <billtocode>GMID</billtocode>
  <billtodesc>)Ih]Q1Y[yzX&lt;g</billtodesc>
  <billtoeffdt>2008-02-05 00:00:00</billtoeffdt>
  <billtoexpdt>2011-10-10 00:00:00</billtoexpdt>
 </row>
 <row>
  <billtocode>MPON</billtocode>
  <billtodesc>]%YY1+HsKZ`Fc</billtodesc>
  <billtoeffdt>2008-02-12 00:00:00</billtoeffdt>
  <billtoexpdt>2010-10-13 00:00:00</billtoexpdt>
 </row>
 <row>
  <billtocode>SATV3</billtocode>
  <billtodesc>#XK_u\[&apos;G&apos;G.h</billtodesc>
  <billtoeffdt>2008-02-23 00:00:00</billtoeffdt>
  <billtoexpdt>2008-06-10 00:00:00</billtoexpdt>
 </row>
 <row>
  <billtocode>NYKNJ5</billtocode>
  <billtodesc>#C4S\DDRk-:wd</billtodesc>
  <billtoeffdt>2008-02-24 00:00:00</billtoeffdt>
  <billtoexpdt>2010-12-16 00:00:00</billtoexpdt>
 </row>
 <row>
  <billtocode>KRASA1</billtocode>
  <billtodesc>SJTbJL^Bfw+cG</billtodesc>
  <billtoeffdt>2008-02-03 00:00:00</billtoeffdt>
  <billtoexpdt>2010-05-12 00:00:00</billtoexpdt>
 </row>
 <row>
  <billtocode>ETX5</billtocode>
  <billtodesc>Nw]&lt;&apos;WY`e7$[`</billtodesc>
  <billtoeffdt>2008-02-14 00:00:00</billtoeffdt>
  <billtoexpdt>2010-01-28 00:00:00</billtoexpdt>
 </row>
 <row>
  <billtocode>NNFAR9</billtocode>
  <billtodesc>.FM&gt;YSnCa&gt;(:Q</billtodesc>
  <billtoeffdt>2008-02-05 00:00:00</billtoeffdt>
  <billtoexpdt>2009-08-09 00:00:00</billtoexpdt>
 </row>
 <row>
  <billtocode>SCDAT</billtocode>
  <billtodesc>0fGLsrjOlvT#[</billtodesc>
  <billtoeffdt>2008-02-11 00:00:00</billtoeffdt>
  <billtoexpdt>2008-10-26 00:00:00</billtoexpdt>
 </row>
 <row>
  <billtocode>ABLA5</billtocode>
  <billtodesc>(GX*N]X3SW2g:</billtodesc>
  <billtoeffdt>2008-02-26 00:00:00</billtoeffdt>
  <billtoexpdt>2011-04-05 00:00:00</billtoexpdt>
 </row>
 <row>
  <billtocode>CCSSE</billtocode>
  <billtodesc>&quot;o=&quot;&quot;?Q7nFjj`fF&quot;</billtodesc>
  <billtoeffdt>2008-02-13 00:00:00</billtoeffdt>
  <billtoexpdt>2011-04-10 00:00:00</billtoexpdt>
 </row>
 <row>
  <billtocode>ASPX6</billtocode>
  <billtodesc>8E&apos;yqZ&gt;o#4&lt;v&gt;</billtodesc>
  <billtoeffdt>2008-02-09 00:00:00</billtoeffdt>
  <billtoexpdt>2008-08-08 00:00:00</billtoexpdt>
 </row>
 <row>
  <billtocode>CLSPA5</billtocode>
  <billtodesc>.%Vc369SHV^#*</billtodesc>
  <billtoeffdt>2008-02-02 00:00:00</billtoeffdt>
  <billtoexpdt>2011-06-19 00:00:00</billtoexpdt>
 </row>
 <row>
  <billtocode>OPTN5</billtocode>
  <billtodesc>)EL]RJjVZI03V</billtodesc>
  <billtoeffdt>2008-02-09 00:00:00</billtoeffdt>
  <billtoexpdt>2011-11-05 00:00:00</billtoexpdt>
 </row>
 <row>
  <billtocode>GTBOI7</billtocode>
  <billtodesc>&quot;&quot;&quot;^K.w2hzNsolC&quot;</billtodesc>
  <billtoeffdt>2008-02-18 00:00:00</billtoeffdt>
  <billtoexpdt>2011-05-18 00:00:00</billtoexpdt>
 </row>
 <row>
  <billtocode>CHRED6</billtocode>
  <billtodesc>+JZ7j;yfwkJ:9</billtodesc>
  <billtoeffdt>2008-02-13 00:00:00</billtoeffdt>
  <billtoexpdt>2010-05-21 00:00:00</billtoexpdt>
 </row>
 <row>
  <billtocode>NSL2/9</billtocode>
  <billtodesc>IL$-fzly1;3xm</billtodesc>
  <billtoeffdt>2008-02-08 00:00:00</billtoeffdt>
  <billtoexpdt>2010-12-31 00:00:00</billtoexpdt>
 </row>
 <row>
  <billtocode>EPTEP</billtocode>
  <billtodesc>rLiKPg]jk2u!D</billtodesc>
  <billtoeffdt>2008-02-21 00:00:00</billtoeffdt>
  <billtoexpdt>2011-06-28 00:00:00</billtoexpdt>
 </row>
 <row>
  <billtocode>ITME5</billtocode>
  <billtodesc>1!$4YW\3-w&amp;Ft</billtodesc>
  <billtoeffdt>2008-02-20 00:00:00</billtoeffdt>
  <billtoexpdt>2011-02-13 00:00:00</billtoexpdt>
 </row>
 <row>
  <billtocode>PYALE</billtocode>
  <billtodesc>vS!HIwc7C4+o%</billtodesc>
  <billtoeffdt>2008-02-24 00:00:00</billtoeffdt>
  <billtoexpdt>2010-12-18 00:00:00</billtoexpdt>
 </row>
 <row>
  <billtocode>DMRW6</billtocode>
  <billtodesc>yU]&lt;MZ2AC`TAj</billtodesc>
  <billtoeffdt>2008-02-27 00:00:00</billtoeffdt>
  <billtoexpdt>2009-02-27 00:00:00</billtoexpdt>
 </row>
 <row>
  <billtocode>BCIK3</billtocode>
  <billtodesc>Ac@JDB2#s]N&gt;$</billtodesc>
  <billtoeffdt>2008-02-06 00:00:00</billtoeffdt>
  <billtoexpdt>2009-10-25 00:00:00</billtoexpdt>
 </row>
 <row>
  <billtocode>WCCO</billtocode>
  <billtodesc>IcMnMeyJ#]Ic&lt;</billtodesc>
  <billtoeffdt>2008-02-13 00:00:00</billtoeffdt>
  <billtoexpdt>2008-05-17 00:00:00</billtoexpdt>
 </row>
 <row>
  <billtocode>FCVELO</billtocode>
  <billtodesc>&quot;dTb;4J&quot;&quot;Y6TA0C&quot;</billtodesc>
  <billtoeffdt>2008-02-23 00:00:00</billtoeffdt>
  <billtoexpdt>2011-09-28 00:00:00</billtoexpdt>
 </row>
 <row>
  <billtocode>BFDA</billtocode>
  <billtodesc>&apos;zVw!&apos;-g6z)93</billtodesc>
  <billtoeffdt>2008-02-27 00:00:00</billtoeffdt>
  <billtoexpdt>2010-10-02 00:00:00</billtoexpdt>
 </row>
 <row>
  <billtocode>8MCCH</billtocode>
  <billtodesc>qQ9FyS&gt;McFWR=</billtodesc>
  <billtoeffdt>2008-02-12 00:00:00</billtoeffdt>
  <billtoexpdt>2010-05-10 00:00:00</billtoexpdt>
 </row>
 <row>
  <billtocode>JIMC6</billtocode>
  <billtodesc>&amp;vssc/TU@AC-?</billtodesc>
  <billtoeffdt>2008-02-21 00:00:00</billtoeffdt>
  <billtoexpdt>2011-09-20 00:00:00</billtoexpdt>
 </row>
 <row>
  <billtocode>SFHP</billtocode>
  <billtodesc>f9QP/jfM1r:3c</billtodesc>
  <billtoeffdt>2008-02-25 00:00:00</billtoeffdt>
  <billtoexpdt>2011-07-18 00:00:00</billtoexpdt>
 </row>
 <row>
  <billtocode>EDUNY</billtocode>
  <billtodesc>jeDoSjDP94p&gt;=</billtodesc>
  <billtoeffdt>2008-02-25 00:00:00</billtoeffdt>
  <billtoexpdt>2009-01-19 00:00:00</billtoexpdt>
 </row>
 <row>
  <billtocode>HRMFL</billtocode>
  <billtodesc>s1\HEahS&lt;dwB4</billtodesc>
  <billtoeffdt>2008-02-09 00:00:00</billtoeffdt>
  <billtoexpdt>2010-10-12 00:00:00</billtoexpdt>
 </row>
 <row>
  <billtocode>PBCSL</billtocode>
  <billtodesc>ekc&apos;-hF5`tkT4</billtodesc>
  <billtoeffdt>2008-02-04 00:00:00</billtoeffdt>
  <billtoexpdt>2010-01-14 00:00:00</billtoexpdt>
 </row>
 <row>
  <billtocode>GPNE</billtocode>
  <billtodesc>Uh&lt;:d^?Aks]z6</billtodesc>
  <billtoeffdt>2008-02-13 00:00:00</billtoeffdt>
  <billtoexpdt>2011-10-26 00:00:00</billtoexpdt>
 </row>
 <row>
  <billtocode>ADLMX6</billtocode>
  <billtodesc>j[9GbF;kA;kQz</billtodesc>
  <billtoeffdt>2008-02-21 00:00:00</billtoeffdt>
  <billtoexpdt>2011-01-13 00:00:00</billtoexpdt>
 </row>
 <row>
  <billtocode>LGITX</billtocode>
  <billtodesc>AI&apos;UFh#\kKSZY</billtodesc>
  <billtoeffdt>2008-02-26 00:00:00</billtoeffdt>
  <billtoexpdt>2010-01-30 00:00:00</billtoexpdt>
 </row>
 <row>
  <billtocode>CHRHA3</billtocode>
  <billtodesc>`VNpi%j^0[#V1</billtodesc>
  <billtoeffdt>2008-02-13 00:00:00</billtoeffdt>
  <billtoexpdt>2008-06-15 00:00:00</billtoexpdt>
 </row>
</table>
